tr_date,tr_time,tr_open,tr_high,tr_low,tr_close,tr_segment,stock_name
01-01-2019,12:19:59,27114.3,27117.45,27111.4,27113.3,4,BANKNIFTY
01-01-2019,12:20:59,27113.4,27120.95,27112.25,27120.95,4,BANKNIFTY
01-01-2019,12:21:59,27120.65,27121.1,27103.35,27111.7,4,BANKNIFTY
01-01-2019,12:22:59,27113.5,27115.85,27104.45,27108.6,4,BANKNIFTY
01-01-2019,12:23:59,27108.55,27111.2,27103.7,27108.1,4,BANKNIFTY
01-01-2019,12:24:59,27107.45,27113.1,27104.9,27106.1,4,BANKNIFTY
01-01-2019,12:25:59,27106.2,27107.5,27100.35,27101.05,4,BANKNIFTY
01-01-2019,12:26:59,27100.55,27104.55,27098.6,27100.9,4,BANKNIFTY
01-01-2019,12:27:59,27101.1,27102.6,27097.3,27099.95,4,BANKNIFTY
01-01-2019,12:28:59,27100.95,27103.7,27096.35,27096.35,4,BANKNIFTY
01-01-2019,12:29:59,27096.35,27097.45,27086.55,27087.8,4,BANKNIFTY
01-01-2019,12:30:59,27087.95,27088.45,27082.7,27086.45,4,BANKNIFTY
01-01-2019,12:31:59,27085.75,27085.95,27071.8,27072.45,4,BANKNIFTY
01-01-2019,12:32:59,27072.45,27072.85,27065,27065.45,4,BANKNIFTY
01-01-2019,12:33:59,27065.45,27070.05,27061.4,27065.85,4,BANKNIFTY
01-01-2019,12:34:59,27066.4,27071.25,27063,27068.2,4,BANKNIFTY
01-01-2019,12:35:59,27068.9,27075.35,27066.75,27069.6,4,BANKNIFTY
01-01-2019,12:36:59,27071.65,27074.1,27060.4,27065,4,BANKNIFTY
01-01-2019,12:37:59,27066.4,27072.3,27062.95,27072.3,4,BANKNIFTY
01-01-2019,12:38:59,27071.65,27072.8,27066.3,27072.45,4,BANKNIFTY
01-01-2019,12:39:59,27072.05,27083,27070.4,27078.85,4,BANKNIFTY
01-01-2019,12:40:59,27078.15,27082.55,27075.6,27081.2,4,BANKNIFTY
01-01-2019,12:41:59,27078.1,27079.05,27074,27076.3,4,BANKNIFTY
01-01-2019,12:42:59,27075.1,27078.7,27072.65,27075.2,4,BANKNIFTY
01-01-2019,12:43:59,27076.3,27082.85,27075.45,27080.15,4,BANKNIFTY
01-01-2019,12:44:59,27079.15,27079.15,27070.75,27074.3,4,BANKNIFTY
01-01-2019,12:45:59,27072.8,27081.7,27072.8,27076,4,BANKNIFTY
01-01-2019,12:46:59,27075.95,27081.3,27071.75,27071.75,4,BANKNIFTY
01-01-2019,12:47:59,27073.05,27074.1,27064.1,27064.75,4,BANKNIFTY
01-01-2019,12:48:59,27067.8,27067.8,27057.9,27057.9,4,BANKNIFTY
01-01-2019,12:49:59,27059.1,27061.15,27054.75,27060.05,4,BANKNIFTY
01-01-2019,12:50:59,27060.05,27069.7,27056.25,27069.3,4,BANKNIFTY
01-01-2019,12:51:59,27068.4,27068.55,27059.8,27066.85,4,BANKNIFTY
01-01-2019,12:52:59,27066.3,27068,27064.25,27064.8,4,BANKNIFTY
01-01-2019,12:53:59,27065.2,27068.65,27061.45,27063.95,4,BANKNIFTY
01-01-2019,12:54:59,27064.35,27071.65,27062.9,27068.4,4,BANKNIFTY
01-01-2019,12:55:59,27068.4,27076.1,27067.35,27072.5,4,BANKNIFTY
01-01-2019,12:56:59,27072.05,27075.35,27070.95,27073.95,4,BANKNIFTY
01-01-2019,12:57:59,27071.75,27074.05,27068.6,27070.55,4,BANKNIFTY
01-01-2019,12:58:59,27070.1,27070.1,27061.95,27062.55,4,BANKNIFTY
01-01-2019,12:59:59,27062.3,27065.1,27061.5,27062.2,4,BANKNIFTY
01-01-2019,13:00:59,27062.35,27066.7,27059.5,27066.7,4,BANKNIFTY
01-01-2019,13:01:59,27066.3,27070,27065.7,27067.35,4,BANKNIFTY
01-01-2019,13:02:59,27067.3,27072.95,27067.3,27072.1,4,BANKNIFTY
01-01-2019,13:03:59,27071.35,27077.85,27070.15,27071.4,4,BANKNIFTY
01-01-2019,13:04:59,27071.45,27075.35,27069.9,27071.4,4,BANKNIFTY
01-01-2019,13:05:59,27071.8,27075.65,27071.7,27075.45,4,BANKNIFTY
01-01-2019,13:06:59,27075.95,27078.7,27075.15,27075.35,4,BANKNIFTY
01-01-2019,13:07:59,27075.35,27082.55,27075.35,27081.25,4,BANKNIFTY
01-01-2019,13:08:59,27081.25,27086.85,27078.55,27085.2,4,BANKNIFTY
01-01-2019,13:09:59,27084.1,27089.35,27074,27078.5,4,BANKNIFTY
01-01-2019,13:10:59,27079,27081.95,27076.8,27081.35,4,BANKNIFTY
01-01-2019,13:11:59,27083.2,27089.25,27082.3,27085.45,4,BANKNIFTY
01-01-2019,13:12:59,27085.95,27087.5,27080.75,27087.1,4,BANKNIFTY
01-01-2019,13:13:59,27087.45,27094.55,27086,27092.75,4,BANKNIFTY
01-01-2019,13:14:59,27092.35,27093.75,27088.8,27093.15,4,BANKNIFTY
01-01-2019,13:15:59,27093.45,27094.85,27090.5,27091.8,4,BANKNIFTY
01-01-2019,13:16:59,27091.5,27093.45,27088.05,27088.05,4,BANKNIFTY
01-01-2019,13:17:59,27089.55,27093.35,27085.05,27091.5,4,BANKNIFTY
01-01-2019,13:18:59,27089.75,27091.3,27082.95,27084.4,4,BANKNIFTY
01-01-2019,13:19:59,27085.55,27085.55,27078.7,27078.85,4,BANKNIFTY
01-01-2019,13:20:59,27080.3,27082.5,27079.05,27079.95,4,BANKNIFTY
01-01-2019,13:21:59,27079.6,27086.4,27078.95,27085.5,4,BANKNIFTY
01-01-2019,13:22:59,27085.4,27086,27082.95,27082.95,4,BANKNIFTY
01-01-2019,13:23:59,27083.1,27085.4,27079.4,27081.75,4,BANKNIFTY
01-01-2019,13:24:59,27080.95,27081.7,27075.65,27078.3,4,BANKNIFTY
01-01-2019,13:25:59,27078.3,27083.8,27077.5,27083.35,4,BANKNIFTY
01-01-2019,13:26:59,27082.85,27084.2,27078.85,27079.35,4,BANKNIFTY
01-01-2019,13:27:59,27080.6,27083.9,27078.5,27081.9,4,BANKNIFTY
01-01-2019,13:28:59,27081.9,27086.15,27080.3,27084.95,4,BANKNIFTY
01-01-2019,13:29:59,27083.2,27085.05,27081.75,27084.8,4,BANKNIFTY
01-01-2019,13:30:59,27084.7,27087.15,27083.1,27086.15,4,BANKNIFTY
01-01-2019,13:31:59,27085.1,27086.7,27082.65,27084.6,4,BANKNIFTY
01-01-2019,13:32:59,27085.35,27085.9,27080.65,27081.25,4,BANKNIFTY
01-01-2019,13:33:59,27081.45,27083.15,27079.95,27081.45,4,BANKNIFTY
01-01-2019,13:34:59,27081.6,27081.6,27063.8,27063.8,4,BANKNIFTY
01-01-2019,13:35:59,27063.9,27065.4,27044.4,27044.4,4,BANKNIFTY
01-01-2019,13:36:59,27043.7,27043.7,27034.4,27039.6,4,BANKNIFTY
01-01-2019,13:37:59,27040.55,27048.55,27038.65,27039.9,4,BANKNIFTY
01-01-2019,13:38:59,27040.05,27042.5,27021.55,27028.85,4,BANKNIFTY
01-01-2019,13:39:59,27030.65,27047,27020.35,27046.4,4,BANKNIFTY
01-01-2019,13:40:59,27045.25,27045.25,27033.6,27038.15,4,BANKNIFTY
01-01-2019,13:41:59,27037.35,27037.35,27019.05,27029.7,4,BANKNIFTY
01-01-2019,13:42:59,27029.2,27033.1,27025,27030.6,4,BANKNIFTY
01-01-2019,13:43:59,27030.7,27044.9,27029.6,27044.9,4,BANKNIFTY
01-01-2019,13:44:59,27044,27047.15,27040.7,27043.2,4,BANKNIFTY
01-01-2019,13:45:59,27045.75,27050.8,27040.65,27043.75,4,BANKNIFTY
01-01-2019,13:46:59,27043,27046.25,27037.7,27041.8,4,BANKNIFTY
01-01-2019,13:47:59,27039.25,27043.75,27035.85,27041.8,4,BANKNIFTY
01-01-2019,13:48:59,27042.15,27048.05,27039.35,27044.6,4,BANKNIFTY
01-01-2019,13:49:59,27045.95,27052.15,27043.7,27050.7,4,BANKNIFTY
01-01-2019,13:50:59,27051.55,27063.1,27051.55,27062.1,4,BANKNIFTY
01-01-2019,13:51:59,27062.6,27066.75,27056.2,27064.3,4,BANKNIFTY
01-01-2019,13:52:59,27064.2,27064.2,27054.05,27056.95,4,BANKNIFTY
01-01-2019,13:53:59,27056.8,27059.7,27052.85,27059.65,4,BANKNIFTY
01-01-2019,13:54:59,27058.95,27060.05,27053.3,27057.95,4,BANKNIFTY
01-01-2019,13:55:59,27056.45,27061.9,27055.2,27060.1,4,BANKNIFTY
01-01-2019,13:56:59,27059.85,27064.25,27052.45,27052.45,4,BANKNIFTY
01-01-2019,13:57:59,27055.25,27064.95,27055,27058.25,4,BANKNIFTY
01-01-2019,13:58:59,27060.05,27067.1,27060.05,27065.25,4,BANKNIFTY
01-01-2019,13:59:59,27062.9,27068.85,27055.15,27062.35,4,BANKNIFTY
01-01-2019,14:00:59,27062.45,27067.05,27057,27058.55,4,BANKNIFTY
01-01-2019,14:01:59,27058.1,27072.55,27058.1,27070.8,4,BANKNIFTY
01-01-2019,14:02:59,27070.6,27076.9,27067.85,27072.1,4,BANKNIFTY
01-01-2019,14:03:59,27071.3,27078.35,27071.3,27074,4,BANKNIFTY
01-01-2019,14:04:59,27073.8,27083.25,27073.3,27076.55,4,BANKNIFTY
01-01-2019,14:05:59,27075.8,27081.1,27075.6,27077.95,4,BANKNIFTY
01-01-2019,14:06:59,27076.25,27087.45,27075.55,27085.4,4,BANKNIFTY
01-01-2019,14:07:59,27087.05,27099.15,27087.05,27097,4,BANKNIFTY
01-01-2019,14:08:59,27097.05,27100.35,27089.7,27095.05,4,BANKNIFTY
01-01-2019,14:09:59,27095.75,27099.55,27091.2,27094.25,4,BANKNIFTY
01-01-2019,14:10:59,27092.75,27098.95,27084.95,27084.95,4,BANKNIFTY
01-01-2019,14:11:59,27086.85,27091.95,27073.55,27073.95,4,BANKNIFTY
01-01-2019,14:12:59,27076.3,27079.45,27071.85,27075.7,4,BANKNIFTY
01-01-2019,14:13:59,27076.35,27084.85,27073.2,27076.4,4,BANKNIFTY
01-01-2019,14:14:59,27081.5,27081.5,27073.35,27081.05,4,BANKNIFTY
01-01-2019,14:15:59,27083.95,27083.95,27076.6,27078.1,4,BANKNIFTY
01-01-2019,14:16:59,27077.4,27092.05,27077.4,27091.2,4,BANKNIFTY
01-01-2019,14:17:59,27094.95,27102.3,27092.45,27096.3,4,BANKNIFTY
01-01-2019,14:18:59,27103.6,27107.2,27094.2,27100.4,4,BANKNIFTY
01-01-2019,14:19:59,27106.1,27108.3,27097.65,27106.45,4,BANKNIFTY
01-01-2019,14:20:59,27106.1,27112.6,27103.65,27107.45,4,BANKNIFTY
01-01-2019,14:21:59,27107.35,27112.4,27103.55,27104.3,4,BANKNIFTY
01-01-2019,14:22:59,27104.85,27106.55,27094.85,27096.9,4,BANKNIFTY
01-01-2019,14:23:59,27104.15,27104.15,27096.65,27102.75,4,BANKNIFTY
01-01-2019,14:24:59,27105.75,27106.75,27100.25,27102.9,4,BANKNIFTY
01-01-2019,14:25:59,27108.15,27110.65,27102.4,27105.9,4,BANKNIFTY
01-01-2019,14:26:59,27110.1,27111.25,27098.65,27102.15,4,BANKNIFTY
01-01-2019,14:27:59,27105.3,27117.55,27104.9,27115.4,4,BANKNIFTY
01-01-2019,14:28:59,27119.95,27148.35,27119.95,27147.4,4,BANKNIFTY
01-01-2019,14:29:59,27147.95,27188.25,27147.8,27188.25,4,BANKNIFTY
01-01-2019,14:30:59,27186.85,27195.7,27179.8,27194.15,4,BANKNIFTY
01-01-2019,14:31:59,27193.6,27242.1,27193.6,27238.1,4,BANKNIFTY
01-01-2019,14:32:59,27243.2,27270,27232.6,27260.75,4,BANKNIFTY
01-01-2019,14:33:59,27270.2,27270.2,27219.55,27220.05,4,BANKNIFTY
01-01-2019,14:34:59,27219.1,27233.7,27219.1,27232.2,4,BANKNIFTY
01-01-2019,14:35:59,27234,27262.8,27230.2,27262.8,4,BANKNIFTY
01-01-2019,14:36:59,27260.8,27265.5,27242.05,27242.05,4,BANKNIFTY
01-01-2019,14:37:59,27245.5,27252.05,27234.15,27237.9,4,BANKNIFTY
01-01-2019,14:38:59,27241.75,27264.9,27241.75,27255.45,4,BANKNIFTY
01-01-2019,14:39:59,27255.25,27284,27255.25,27279.2,4,BANKNIFTY
01-01-2019,14:40:59,27285,27286.35,27271.7,27273.85,4,BANKNIFTY
01-01-2019,14:41:59,27271.1,27284.7,27271.1,27276.95,4,BANKNIFTY
01-01-2019,14:42:59,27274.7,27277.35,27265.25,27272.5,4,BANKNIFTY
01-01-2019,14:43:59,27272.35,27291.4,27272.35,27291,4,BANKNIFTY
01-01-2019,14:44:59,27295.05,27309.45,27289.95,27294.15,4,BANKNIFTY
01-01-2019,14:45:59,27294.1,27309.7,27294.1,27307.1,4,BANKNIFTY
01-01-2019,14:46:59,27310.65,27319.5,27302.8,27313.45,4,BANKNIFTY
01-01-2019,14:47:59,27319.6,27326.1,27310.2,27312.2,4,BANKNIFTY
01-01-2019,14:48:59,27313.2,27323.5,27310.15,27320.55,4,BANKNIFTY
01-01-2019,14:49:59,27327.2,27330.85,27316.8,27328.2,4,BANKNIFTY
01-01-2019,14:50:59,27331.1,27333.1,27309,27313.65,4,BANKNIFTY
01-01-2019,14:51:59,27314.05,27320.8,27308.85,27313.05,4,BANKNIFTY
01-01-2019,14:52:59,27317.2,27329.65,27313.15,27322.15,4,BANKNIFTY
01-01-2019,14:53:59,27314.95,27326.3,27304.55,27308,4,BANKNIFTY
01-01-2019,14:54:59,27306.65,27311.25,27299.7,27311.25,4,BANKNIFTY
01-01-2019,14:55:59,27310,27323.65,27310,27323.35,4,BANKNIFTY
01-01-2019,14:56:59,27320.75,27334.9,27320.15,27329.8,4,BANKNIFTY
01-01-2019,14:57:59,27337,27344.65,27328.25,27337.45,4,BANKNIFTY
01-01-2019,14:58:59,27345.45,27356.8,27337.65,27348.2,4,BANKNIFTY
01-01-2019,14:59:59,27351.9,27356.85,27342.45,27346.35,4,BANKNIFTY
01-01-2019,15:00:59,27346.1,27351.5,27343.35,27345.75,4,BANKNIFTY
01-01-2019,15:01:59,27345.85,27350.1,27332.6,27335.75,4,BANKNIFTY
01-01-2019,15:02:59,27332.15,27337.5,27326.05,27334.2,4,BANKNIFTY
01-01-2019,15:03:59,27335,27350.15,27333.65,27348.35,4,BANKNIFTY
01-01-2019,15:04:59,27347,27363.4,27343.35,27361.65,4,BANKNIFTY
01-01-2019,15:05:59,27363.7,27381.55,27359.25,27378.85,4,BANKNIFTY
01-01-2019,15:06:59,27382.3,27387.95,27370.45,27376.9,4,BANKNIFTY
01-01-2019,15:07:59,27377.05,27382.15,27370.6,27382,4,BANKNIFTY
01-01-2019,15:08:59,27380.05,27383.2,27373.55,27377.75,4,BANKNIFTY
01-01-2019,15:09:59,27374.75,27383.15,27374.45,27381.55,4,BANKNIFTY
01-01-2019,15:10:59,27379.6,27395.35,27379.6,27387.5,4,BANKNIFTY
01-01-2019,15:11:59,27389.05,27392.1,27381.4,27390.6,4,BANKNIFTY
01-01-2019,15:12:59,27391.65,27391.65,27382.15,27384,4,BANKNIFTY
01-01-2019,15:13:59,27385.95,27391.1,27382.15,27388.25,4,BANKNIFTY
01-01-2019,15:14:59,27387.9,27390.75,27378,27386.8,4,BANKNIFTY
01-01-2019,15:15:59,27385,27395.9,27380,27387.45,4,BANKNIFTY
01-01-2019,15:16:59,27391.35,27403.05,27383.75,27391.3,4,BANKNIFTY
01-01-2019,15:17:59,27390.4,27409.9,27389.05,27398.45,4,BANKNIFTY
01-01-2019,15:18:59,27403.8,27406.85,27396,27398.4,4,BANKNIFTY
01-01-2019,15:19:59,27402.3,27406,27398.55,27400.1,4,BANKNIFTY
01-01-2019,15:20:59,27403.8,27405.1,27396.15,27396.65,4,BANKNIFTY
01-01-2019,15:21:59,27398.4,27407.1,27395.9,27401,4,BANKNIFTY
01-01-2019,15:22:59,27405.1,27415,27399.25,27415,4,BANKNIFTY
01-01-2019,15:23:59,27406.65,27423.25,27405.6,27422.05,4,BANKNIFTY
01-01-2019,15:24:59,27423.75,27430.55,27414.4,27427,4,BANKNIFTY
01-01-2019,15:25:59,27424.5,27424.95,27404.45,27404.55,4,BANKNIFTY
01-01-2019,15:26:59,27402.2,27412.3,27397.5,27407.1,4,BANKNIFTY
01-01-2019,15:27:59,27411.05,27414.2,27404.7,27404.7,4,BANKNIFTY
01-01-2019,15:28:59,27410.75,27418.65,27398.25,27413,4,BANKNIFTY
01-01-2019,15:29:59,27412.6,27422.35,27397.85,27411.15,4,BANKNIFTY
01-01-2019,15:30:59,27412.55,27412.55,27403.05,27403.05,4,BANKNIFTY
01-01-2019,15:31:59,27403.45,27403.45,27392.4,27392.4,4,BANKNIFTY
01-01-2019,15:32:59,27392.4,27392.4,27392.4,27392.4,4,BANKNIFTY
01-01-2019,15:33:59,27392.4,27392.4,27392.4,27392.4,4,BANKNIFTY
01-01-2019,15:34:59,27392.4,27392.4,27392.4,27392.4,4,BANKNIFTY
01-01-2019,15:35:59,27392.4,27392.4,27392.4,27392.4,4,BANKNIFTY
01-01-2019,15:36:59,27392.4,27392.4,27392.4,27392.4,4,BANKNIFTY
01-01-2019,15:37:59,27392.4,27392.4,27392.4,27392.4,4,BANKNIFTY
01-01-2019,15:38:59,27392.4,27392.4,27392.4,27392.4,4,BANKNIFTY
01-01-2019,15:39:59,27392.4,27392.4,27392.4,27392.4,4,BANKNIFTY
01-01-2019,15:40:59,27392.4,27392.4,27392.4,27392.4,4,BANKNIFTY
01-01-2019,15:41:59,27392.4,27392.4,27392.4,27392.4,4,BANKNIFTY
01-01-2019,15:42:59,27392.4,27392.4,27392.4,27392.4,4,BANKNIFTY
01-01-2019,15:43:59,27392.4,27392.4,27392.4,27392.4,4,BANKNIFTY
01-01-2019,15:44:59,27392.4,27392.4,27392.4,27392.4,4,BANKNIFTY
01-01-2019,15:45:59,27392.4,27392.4,27392.4,27392.4,4,BANKNIFTY
01-01-2019,15:46:59,27392.4,27392.4,27392.4,27392.4,4,BANKNIFTY
01-01-2019,15:47:59,27392.4,27392.4,27392.4,27392.4,4,BANKNIFTY
01-01-2019,15:48:59,27392.4,27392.4,27392.4,27392.4,4,BANKNIFTY
01-01-2019,15:49:59,27392.4,27392.4,27392.4,27392.4,4,BANKNIFTY
01-01-2019,15:50:59,27392.4,27392.4,27392.4,27392.4,4,BANKNIFTY
01-01-2019,15:51:59,27392.4,27392.4,27392.4,27392.4,4,BANKNIFTY
01-01-2019,15:52:59,27392.4,27392.4,27392.4,27392.4,4,BANKNIFTY
01-01-2019,15:53:59,27392.4,27392.4,27392.4,27392.4,4,BANKNIFTY
01-01-2019,15:54:59,27392.4,27392.4,27392.4,27392.4,4,BANKNIFTY
01-01-2019,15:55:59,27392.4,27392.4,27392.4,27392.4,4,BANKNIFTY
01-01-2019,15:56:59,27392.4,27392.4,27392.4,27392.4,4,BANKNIFTY
01-01-2019,15:57:59,27392.4,27392.4,27392.4,27392.4,4,BANKNIFTY
01-01-2019,15:58:59,27392.4,27392.4,27392.4,27392.4,4,BANKNIFTY
01-01-2019,15:59:59,27392.4,27392.4,27392.4,27392.4,4,BANKNIFTY
01-01-2019,16:00:59,27392.4,27392.4,27392.4,27392.4,4,BANKNIFTY
01-01-2019,09:07:59,27231.4,27231.4,27231.4,27231.4,4,BANKNIFTY
01-01-2019,09:08:59,27231.4,27231.4,27231.4,27231.4,4,BANKNIFTY
01-01-2019,09:09:59,27231.4,27231.4,27231.4,27231.4,4,BANKNIFTY
01-01-2019,09:10:59,27231.4,27231.4,27231.4,27231.4,4,BANKNIFTY
01-01-2019,09:11:59,27231.4,27231.4,27231.4,27231.4,4,BANKNIFTY
01-01-2019,09:12:59,27231.4,27231.4,27231.4,27231.4,4,BANKNIFTY
01-01-2019,09:13:59,27231.4,27231.4,27231.4,27231.4,4,BANKNIFTY
01-01-2019,09:14:59,27231.4,27231.4,27231.4,27231.4,4,BANKNIFTY
01-01-2019,09:15:59,27235.5,27239.55,27170.5,27183.45,4,BANKNIFTY
01-01-2019,09:16:59,27181.15,27195.2,27176.45,27179.05,4,BANKNIFTY
01-01-2019,09:17:59,27177.35,27190.3,27169.95,27190.3,4,BANKNIFTY
01-01-2019,09:18:59,27188.65,27188.65,27148.5,27157.5,4,BANKNIFTY
01-01-2019,09:19:59,27157.2,27161.25,27127.35,27131.3,4,BANKNIFTY
01-01-2019,09:20:59,27133.4,27133.4,27113.85,27128.45,4,BANKNIFTY
01-01-2019,09:21:59,27124.95,27139.5,27124.05,27132.45,4,BANKNIFTY
01-01-2019,09:22:59,27132.45,27144.45,27128.55,27137,4,BANKNIFTY
01-01-2019,09:23:59,27136.75,27138.95,27123.95,27124.7,4,BANKNIFTY
01-01-2019,09:24:59,27125.5,27133.35,27087.7,27096.95,4,BANKNIFTY
01-01-2019,09:25:59,27097,27109.35,27095.3,27106.3,4,BANKNIFTY
01-01-2019,09:26:59,27105.95,27105.95,27092.95,27097.25,4,BANKNIFTY
01-01-2019,09:27:59,27096.75,27115.85,27095.35,27115.2,4,BANKNIFTY
01-01-2019,09:28:59,27115.15,27128.2,27107.5,27121.9,4,BANKNIFTY
01-01-2019,09:29:59,27122.25,27124.9,27115.2,27119.8,4,BANKNIFTY
01-01-2019,09:30:59,27120.3,27120.3,27111.15,27118.9,4,BANKNIFTY
01-01-2019,09:31:59,27118.6,27123.3,27110.4,27113,4,BANKNIFTY
01-01-2019,09:32:59,27112.95,27112.95,27102.1,27107.6,4,BANKNIFTY
01-01-2019,09:33:59,27107.6,27107.6,27073.85,27079.4,4,BANKNIFTY
01-01-2019,09:34:59,27080.2,27085.55,27080.2,27083.8,4,BANKNIFTY
01-01-2019,09:35:59,27085.3,27085.75,27077.3,27082.4,4,BANKNIFTY
01-01-2019,09:36:59,27082.6,27098.45,27081.25,27098.45,4,BANKNIFTY
01-01-2019,12:07:59,27115.65,27119.65,27115,27115.55,4,BANKNIFTY
01-01-2019,12:08:59,27115.35,27115.35,27110.05,27110.9,4,BANKNIFTY
01-01-2019,12:09:59,27110.8,27115.4,27110.45,27112.6,4,BANKNIFTY
01-01-2019,12:10:59,27113.55,27114.7,27110.05,27114.25,4,BANKNIFTY
01-01-2019,12:11:59,27113,27114.5,27106.55,27110.75,4,BANKNIFTY
01-01-2019,12:12:59,27110.75,27114.75,27109.5,27111.2,4,BANKNIFTY
01-01-2019,12:13:59,27111.2,27112.8,27109,27109.3,4,BANKNIFTY
01-01-2019,12:14:59,27109.5,27117.05,27106.4,27111.9,4,BANKNIFTY
01-01-2019,12:15:59,27114.4,27114.4,27106.9,27112.65,4,BANKNIFTY
01-01-2019,12:16:59,27111.95,27114.05,27107.65,27109.95,4,BANKNIFTY
01-01-2019,12:17:59,27108.85,27112.65,27108.45,27111.9,4,BANKNIFTY
01-01-2019,12:18:59,27111.65,27116.5,27108.85,27114.2,4,BANKNIFTY
01-01-2019,10:52:59,27080.8,27089.85,27075.6,27086.7,4,BANKNIFTY
01-01-2019,10:53:59,27085.75,27089.35,27080.15,27089.35,4,BANKNIFTY
01-01-2019,10:54:59,27087.15,27089.15,27080.85,27083.7,4,BANKNIFTY
01-01-2019,10:55:59,27081.1,27091.65,27080.15,27090.3,4,BANKNIFTY
01-01-2019,10:56:59,27090.7,27094.5,27087.1,27092.45,4,BANKNIFTY
01-01-2019,10:57:59,27090.8,27092.05,27082.4,27083.3,4,BANKNIFTY
01-01-2019,10:58:59,27084.9,27089.3,27081.2,27086.25,4,BANKNIFTY
01-01-2019,10:59:59,27086.25,27091.95,27082.85,27082.85,4,BANKNIFTY
01-01-2019,11:00:59,27082.85,27090.2,27082.35,27087.85,4,BANKNIFTY
01-01-2019,11:01:59,27086.15,27094.6,27086.15,27091.85,4,BANKNIFTY
01-01-2019,11:02:59,27091.05,27107.9,27091.05,27107.9,4,BANKNIFTY
01-01-2019,11:03:59,27107.85,27114.05,27105.75,27111.25,4,BANKNIFTY
01-01-2019,11:04:59,27111.95,27116.5,27105.35,27112.35,4,BANKNIFTY
01-01-2019,11:05:59,27112.1,27115.4,27101.5,27103.35,4,BANKNIFTY
01-01-2019,11:06:59,27103.55,27109.45,27098.75,27108.1,4,BANKNIFTY
01-01-2019,11:07:59,27107.7,27107.7,27098.2,27099.6,4,BANKNIFTY
01-01-2019,11:08:59,27098.1,27104.75,27095.9,27101.85,4,BANKNIFTY
01-01-2019,11:09:59,27102.65,27105.95,27095.8,27099.6,4,BANKNIFTY
01-01-2019,11:10:59,27101.25,27101.85,27094.25,27095.35,4,BANKNIFTY
01-01-2019,11:11:59,27095.65,27101.4,27094,27098.9,4,BANKNIFTY
01-01-2019,11:12:59,27097.95,27102.3,27097,27101.55,4,BANKNIFTY
01-01-2019,11:13:59,27101.2,27108.3,27099.3,27106.5,4,BANKNIFTY
01-01-2019,11:14:59,27105,27114.4,27101.3,27112.7,4,BANKNIFTY
01-01-2019,11:15:59,27111.75,27112.75,27106.15,27111.95,4,BANKNIFTY
01-01-2019,11:16:59,27111.55,27118.45,27110.65,27115.55,4,BANKNIFTY
01-01-2019,11:17:59,27117.3,27119.05,27113.1,27117.75,4,BANKNIFTY
01-01-2019,11:18:59,27118,27118.95,27112.15,27116.75,4,BANKNIFTY
01-01-2019,11:19:59,27113.65,27118.25,27110.4,27113.7,4,BANKNIFTY
01-01-2019,11:20:59,27113.55,27113.85,27107.35,27113,4,BANKNIFTY
01-01-2019,11:21:59,27112.95,27113.5,27105.45,27112.8,4,BANKNIFTY
01-01-2019,11:22:59,27114.3,27119.1,27110.1,27113.2,4,BANKNIFTY
01-01-2019,11:23:59,27109.05,27115.55,27103.2,27103.6,4,BANKNIFTY
01-01-2019,11:24:59,27104.35,27107.9,27091.15,27095.6,4,BANKNIFTY
01-01-2019,11:25:59,27095.95,27098.9,27093.1,27094.9,4,BANKNIFTY
01-01-2019,11:26:59,27093.95,27097.45,27093.1,27094.95,4,BANKNIFTY
01-01-2019,11:27:59,27094.45,27097,27088.85,27089.25,4,BANKNIFTY
01-01-2019,11:28:59,27089.05,27094.65,27085.35,27085.35,4,BANKNIFTY
01-01-2019,11:29:59,27085.8,27088.1,27081.6,27083.35,4,BANKNIFTY
01-01-2019,11:30:59,27084.25,27085.85,27081.25,27081.5,4,BANKNIFTY
01-01-2019,11:31:59,27081.9,27090.9,27080.65,27090.9,4,BANKNIFTY
01-01-2019,11:32:59,27089.4,27091.55,27084.7,27085.9,4,BANKNIFTY
01-01-2019,11:33:59,27085.9,27090.4,27084.25,27090.4,4,BANKNIFTY
01-01-2019,11:34:59,27090.2,27099.8,27089.7,27094.8,4,BANKNIFTY
01-01-2019,11:35:59,27094.25,27098.8,27094.05,27096.5,4,BANKNIFTY
01-01-2019,11:36:59,27098,27102.4,27094.9,27101.1,4,BANKNIFTY
01-01-2019,11:37:59,27101.2,27102.3,27097,27101.15,4,BANKNIFTY
01-01-2019,11:38:59,27101.7,27106.05,27100.15,27103,4,BANKNIFTY
01-01-2019,11:39:59,27102.8,27103.5,27096.2,27097.3,4,BANKNIFTY
01-01-2019,11:40:59,27097,27103.2,27093.4,27102.45,4,BANKNIFTY
01-01-2019,11:41:59,27103.15,27103.15,27096.35,27098.7,4,BANKNIFTY
01-01-2019,11:42:59,27098.25,27103.95,27096.65,27100.85,4,BANKNIFTY
01-01-2019,11:43:59,27101.8,27106.6,27099.75,27104.45,4,BANKNIFTY
01-01-2019,11:44:59,27103.2,27106.65,27098.1,27099.3,4,BANKNIFTY
01-01-2019,11:45:59,27100.5,27103.4,27097.45,27101.8,4,BANKNIFTY
01-01-2019,11:46:59,27101.8,27104.9,27099.15,27101.15,4,BANKNIFTY
01-01-2019,11:47:59,27101.3,27103.95,27095.3,27097.6,4,BANKNIFTY
01-01-2019,11:48:59,27097.35,27102.05,27095.85,27097.75,4,BANKNIFTY
01-01-2019,11:49:59,27098.35,27101.95,27097.55,27099.3,4,BANKNIFTY
01-01-2019,11:50:59,27099.1,27103.05,27098.4,27101.35,4,BANKNIFTY
01-01-2019,11:51:59,27102.25,27103.65,27099.55,27100.85,4,BANKNIFTY
01-01-2019,11:52:59,27103.25,27107.05,27099.35,27104.85,4,BANKNIFTY
01-01-2019,11:53:59,27104.35,27107.35,27100.8,27105.6,4,BANKNIFTY
01-01-2019,11:54:59,27105.6,27114,27104.65,27107.7,4,BANKNIFTY
01-01-2019,11:55:59,27108.4,27113.75,27106.5,27109.9,4,BANKNIFTY
01-01-2019,11:56:59,27109.3,27112.85,27109.2,27111.9,4,BANKNIFTY
01-01-2019,11:57:59,27111.6,27112.5,27107.8,27109.15,4,BANKNIFTY
01-01-2019,11:58:59,27108.85,27112.8,27107.05,27109.95,4,BANKNIFTY
01-01-2019,11:59:59,27109.85,27110.1,27106.2,27109.15,4,BANKNIFTY
01-01-2019,12:00:59,27108.95,27110.15,27105.55,27108.6,4,BANKNIFTY
01-01-2019,12:01:59,27109.85,27111.65,27106.55,27109.7,4,BANKNIFTY
01-01-2019,12:02:59,27109.7,27112.45,27109.05,27110.95,4,BANKNIFTY
01-01-2019,12:03:59,27110.95,27114.5,27110,27111.4,4,BANKNIFTY
01-01-2019,12:04:59,27112,27117.85,27110.85,27116.5,4,BANKNIFTY
01-01-2019,12:05:59,27117.8,27120.9,27113.75,27120.9,4,BANKNIFTY
01-01-2019,12:06:59,27122.85,27122.85,27115.1,27115.45,4,BANKNIFTY
01-01-2019,09:37:59,27094.7,27101.4,27092.15,27094.1,4,BANKNIFTY
01-01-2019,09:38:59,27094.65,27108.05,27094.65,27107.15,4,BANKNIFTY
01-01-2019,09:39:59,27105.65,27109.95,27097.3,27107.95,4,BANKNIFTY
01-01-2019,09:40:59,27108.4,27108.4,27096.85,27101.7,4,BANKNIFTY
01-01-2019,09:41:59,27102.7,27114.45,27102.7,27112.15,4,BANKNIFTY
01-01-2019,09:42:59,27111.95,27112.05,27098.35,27100.05,4,BANKNIFTY
01-01-2019,09:43:59,27101.5,27103.35,27090.25,27092.25,4,BANKNIFTY
01-01-2019,09:44:59,27095.85,27103.9,27092.4,27103.6,4,BANKNIFTY
01-01-2019,09:45:59,27104.7,27119.1,27100.25,27109.8,4,BANKNIFTY
01-01-2019,09:46:59,27110.85,27114.8,27108.9,27108.9,4,BANKNIFTY
01-01-2019,09:47:59,27111.2,27116.45,27104.9,27104.9,4,BANKNIFTY
01-01-2019,09:48:59,27102.6,27106.45,27094.85,27096.9,4,BANKNIFTY
01-01-2019,09:49:59,27095.35,27097.65,27083.4,27086.35,4,BANKNIFTY
01-01-2019,09:50:59,27089.15,27092.65,27081.35,27089.5,4,BANKNIFTY
01-01-2019,09:51:59,27089.8,27092.15,27082.95,27089.8,4,BANKNIFTY
01-01-2019,09:52:59,27090.2,27094.8,27088.25,27090.1,4,BANKNIFTY
01-01-2019,09:53:59,27088.85,27091.2,27084.95,27089,4,BANKNIFTY
01-01-2019,09:54:59,27088.25,27088.95,27065,27068.65,4,BANKNIFTY
01-01-2019,09:55:59,27065.65,27068.85,27047.25,27051.2,4,BANKNIFTY
01-01-2019,09:56:59,27049.85,27055.65,27035.25,27053.15,4,BANKNIFTY
01-01-2019,09:57:59,27052.05,27076.4,27047.35,27074.8,4,BANKNIFTY
01-01-2019,09:58:59,27076.5,27076.5,27062.1,27062.1,4,BANKNIFTY
01-01-2019,09:59:59,27063.95,27063.95,27048.15,27052.7,4,BANKNIFTY
01-01-2019,10:00:59,27051.65,27054.95,27038.8,27047.9,4,BANKNIFTY
01-01-2019,10:01:59,27048.5,27055.7,27045.65,27049.85,4,BANKNIFTY
01-01-2019,10:02:59,27050.1,27063.9,27048.5,27061.15,4,BANKNIFTY
01-01-2019,10:03:59,27059.35,27063.05,27045.35,27045.35,4,BANKNIFTY
01-01-2019,10:04:59,27047.6,27052.6,27041.45,27049.3,4,BANKNIFTY
01-01-2019,10:05:59,27050.15,27055.95,27047.7,27048.85,4,BANKNIFTY
01-01-2019,10:06:59,27050.15,27057.65,27047.4,27056.25,4,BANKNIFTY
01-01-2019,10:07:59,27057.05,27062.25,27051,27052.3,4,BANKNIFTY
01-01-2019,10:08:59,27051.35,27058.8,27049,27053.6,4,BANKNIFTY
01-01-2019,10:09:59,27052.9,27056.85,27052.25,27053.8,4,BANKNIFTY
01-01-2019,10:10:59,27054,27057.15,27051.45,27054.05,4,BANKNIFTY
01-01-2019,10:11:59,27053.3,27063.85,27052,27057,4,BANKNIFTY
01-01-2019,10:12:59,27060.15,27067.5,27057.5,27065.65,4,BANKNIFTY
01-01-2019,10:13:59,27067.4,27078.35,27067.4,27078.05,4,BANKNIFTY
01-01-2019,10:14:59,27077.65,27077.65,27067.95,27070.7,4,BANKNIFTY
01-01-2019,10:15:59,27071,27073.8,27061.3,27064.25,4,BANKNIFTY
01-01-2019,10:16:59,27065.2,27071.25,27064.4,27070,4,BANKNIFTY
01-01-2019,10:17:59,27072.85,27082.4,27070.75,27079.25,4,BANKNIFTY
01-01-2019,10:18:59,27079.25,27080.65,27069.7,27075.15,4,BANKNIFTY
01-01-2019,10:19:59,27078.7,27081.3,27075.9,27080.1,4,BANKNIFTY
01-01-2019,10:20:59,27078.85,27084.25,27073.2,27083.75,4,BANKNIFTY
01-01-2019,10:21:59,27081.35,27089.05,27080.7,27082.2,4,BANKNIFTY
01-01-2019,10:22:59,27082.2,27092.85,27082.2,27084.4,4,BANKNIFTY
01-01-2019,10:23:59,27084.6,27089.05,27075.1,27075.1,4,BANKNIFTY
01-01-2019,10:24:59,27074.8,27077.4,27069.65,27070.2,4,BANKNIFTY
01-01-2019,10:25:59,27073.25,27080.7,27065.85,27072.6,4,BANKNIFTY
01-01-2019,10:26:59,27073.2,27082.9,27073.2,27077.5,4,BANKNIFTY
01-01-2019,10:27:59,27078.65,27080.2,27074.15,27075.65,4,BANKNIFTY
01-01-2019,10:28:59,27078.75,27080,27075.85,27079.25,4,BANKNIFTY
01-01-2019,10:29:59,27079.45,27082.1,27076.9,27076.9,4,BANKNIFTY
01-01-2019,10:30:59,27078.2,27087.4,27076.25,27083.9,4,BANKNIFTY
01-01-2019,10:31:59,27083.55,27085.7,27077.9,27080.95,4,BANKNIFTY
01-01-2019,10:32:59,27081.6,27089.05,27080.25,27086.05,4,BANKNIFTY
01-01-2019,10:33:59,27084.95,27092.15,27084.95,27091.9,4,BANKNIFTY
01-01-2019,10:34:59,27090.65,27095,27085.8,27086.2,4,BANKNIFTY
01-01-2019,10:35:59,27084.6,27091.5,27080.3,27085.7,4,BANKNIFTY
01-01-2019,10:36:59,27085.1,27092.65,27083.3,27092.1,4,BANKNIFTY
01-01-2019,10:37:59,27090.35,27098.2,27084.5,27097.15,4,BANKNIFTY
01-01-2019,10:38:59,27097.05,27099.1,27088.1,27090.3,4,BANKNIFTY
01-01-2019,10:39:59,27091.7,27093.55,27074.8,27075.1,4,BANKNIFTY
01-01-2019,10:40:59,27075.3,27079.2,27067.8,27071.65,4,BANKNIFTY
01-01-2019,10:41:59,27072.45,27083.55,27064.95,27079.3,4,BANKNIFTY
01-01-2019,10:42:59,27079.3,27084.35,27071.1,27073.9,4,BANKNIFTY
01-01-2019,10:43:59,27072.15,27077.35,27067.3,27074.25,4,BANKNIFTY
01-01-2019,10:44:59,27074.05,27081.3,27073.3,27079.1,4,BANKNIFTY
01-01-2019,10:45:59,27077.85,27082.8,27076.75,27082.55,4,BANKNIFTY
01-01-2019,10:46:59,27081.95,27083.45,27073.65,27082.05,4,BANKNIFTY
01-01-2019,10:47:59,27082.15,27083,27074.1,27076.7,4,BANKNIFTY
01-01-2019,10:48:59,27075.75,27079.35,27072.55,27075.55,4,BANKNIFTY
01-01-2019,10:49:59,27075.25,27077.3,27057.45,27064.4,4,BANKNIFTY
01-01-2019,10:50:59,27058.8,27075.2,27057.65,27073.55,4,BANKNIFTY
01-01-2019,10:51:59,27073.8,27087.95,27073.8,27080.9,4,BANKNIFTY
02-01-2019,12:00:59,27377.85,27384,27375.45,27379.55,4,BANKNIFTY
02-01-2019,11:05:59,27373.8,27385.4,27371.5,27379.7,4,BANKNIFTY
02-01-2019,11:06:59,27380.45,27386.2,27379.9,27385.85,4,BANKNIFTY
02-01-2019,11:07:59,27383.5,27386.95,27376.25,27379.55,4,BANKNIFTY
02-01-2019,11:08:59,27380.2,27380.2,27370.85,27378.95,4,BANKNIFTY
02-01-2019,11:09:59,27377.45,27377.45,27369.05,27369.05,4,BANKNIFTY
02-01-2019,11:10:59,27369.8,27370.9,27363.25,27366.55,4,BANKNIFTY
02-01-2019,11:11:59,27366.15,27373.15,27363.5,27373.15,4,BANKNIFTY
02-01-2019,11:12:59,27373.9,27373.9,27362.15,27362.15,4,BANKNIFTY
02-01-2019,11:13:59,27363.2,27363.2,27352.5,27355.3,4,BANKNIFTY
02-01-2019,11:14:59,27353.85,27358.2,27351.8,27355.4,4,BANKNIFTY
02-01-2019,11:15:59,27355.35,27368.15,27354.4,27360.2,4,BANKNIFTY
02-01-2019,11:16:59,27359.1,27359.1,27349,27350.9,4,BANKNIFTY
02-01-2019,11:17:59,27349.55,27350.55,27335.25,27339.55,4,BANKNIFTY
02-01-2019,11:18:59,27335.1,27350.15,27333.6,27350.15,4,BANKNIFTY
02-01-2019,11:19:59,27349.65,27355.75,27343.1,27345.95,4,BANKNIFTY
02-01-2019,11:20:59,27347.2,27348.4,27341.1,27344.3,4,BANKNIFTY
02-01-2019,11:21:59,27345.45,27355.6,27343.2,27352.35,4,BANKNIFTY
02-01-2019,11:22:59,27351.35,27357.25,27348.35,27353.2,4,BANKNIFTY
02-01-2019,11:23:59,27353.25,27355.15,27346.95,27352.95,4,BANKNIFTY
02-01-2019,11:24:59,27353.4,27360,27352.6,27359.8,4,BANKNIFTY
02-01-2019,11:25:59,27358.95,27361.05,27354.1,27355.3,4,BANKNIFTY
02-01-2019,11:26:59,27352.65,27359.8,27352.65,27356.1,4,BANKNIFTY
02-01-2019,11:27:59,27357.2,27361.2,27354.65,27357.1,4,BANKNIFTY
02-01-2019,11:28:59,27355.7,27360.55,27341.9,27343.5,4,BANKNIFTY
02-01-2019,11:29:59,27343.45,27351.15,27342.95,27347.55,4,BANKNIFTY
02-01-2019,11:30:59,27345.85,27356.25,27345.05,27352.75,4,BANKNIFTY
02-01-2019,11:31:59,27353.2,27359.6,27350.1,27359.6,4,BANKNIFTY
02-01-2019,11:32:59,27361.35,27366.65,27350.65,27366.65,4,BANKNIFTY
02-01-2019,11:33:59,27365.45,27371.15,27360.6,27366.3,4,BANKNIFTY
02-01-2019,11:34:59,27365.9,27369.95,27364.45,27365.95,4,BANKNIFTY
02-01-2019,11:35:59,27364.75,27368.9,27354.6,27368.9,4,BANKNIFTY
02-01-2019,11:36:59,27368.8,27374.55,27366.6,27369.15,4,BANKNIFTY
02-01-2019,11:37:59,27368.3,27372.2,27361.65,27369.2,4,BANKNIFTY
02-01-2019,11:38:59,27369.1,27375.35,27366.35,27366.35,4,BANKNIFTY
02-01-2019,11:39:59,27366.4,27380.35,27366.4,27379.45,4,BANKNIFTY
02-01-2019,11:40:59,27379.3,27389.55,27374.2,27388.2,4,BANKNIFTY
02-01-2019,11:41:59,27389.1,27391.3,27382.1,27383.15,4,BANKNIFTY
02-01-2019,11:42:59,27382.95,27384.15,27376.8,27378.05,4,BANKNIFTY
02-01-2019,11:43:59,27378.35,27378.35,27367.45,27372.85,4,BANKNIFTY
02-01-2019,11:44:59,27372.15,27376.95,27369.45,27373.9,4,BANKNIFTY
02-01-2019,11:45:59,27373.95,27376.1,27368.1,27369.85,4,BANKNIFTY
02-01-2019,11:46:59,27367.9,27369.3,27358.1,27366.75,4,BANKNIFTY
02-01-2019,11:47:59,27364.35,27367.75,27355.85,27355.85,4,BANKNIFTY
02-01-2019,11:48:59,27356.45,27365.35,27354.75,27357.65,4,BANKNIFTY
02-01-2019,11:49:59,27358.4,27361.15,27345.8,27349,4,BANKNIFTY
02-01-2019,11:50:59,27349.6,27363.55,27346.65,27363.55,4,BANKNIFTY
02-01-2019,11:51:59,27363.45,27363.45,27341.4,27345.7,4,BANKNIFTY
02-01-2019,11:52:59,27348.15,27356.3,27340.5,27341,4,BANKNIFTY
02-01-2019,11:53:59,27344.5,27363.75,27344.5,27359.8,4,BANKNIFTY
02-01-2019,11:54:59,27362.15,27366.95,27358.05,27364.65,4,BANKNIFTY
02-01-2019,11:55:59,27364.8,27370.7,27359.85,27366.65,4,BANKNIFTY
02-01-2019,11:56:59,27370,27374.95,27366.9,27370.15,4,BANKNIFTY
02-01-2019,11:57:59,27369.95,27376.35,27365.1,27376.05,4,BANKNIFTY
02-01-2019,11:58:59,27376.55,27383.45,27372.25,27380.2,4,BANKNIFTY
02-01-2019,11:59:59,27379.35,27383.35,27373.05,27373.05,4,BANKNIFTY
02-01-2019,11:04:59,27367.35,27379.1,27364.9,27374.7,4,BANKNIFTY
02-01-2019,12:01:59,27381.9,27389.55,27378.15,27381.3,4,BANKNIFTY
02-01-2019,12:02:59,27382.55,27386.15,27376.7,27379.4,4,BANKNIFTY
02-01-2019,12:03:59,27379.5,27382.4,27373.3,27378.55,4,BANKNIFTY
02-01-2019,12:04:59,27379.5,27380.15,27363.6,27363.65,4,BANKNIFTY
02-01-2019,12:05:59,27367.2,27367.2,27356.8,27357.6,4,BANKNIFTY
02-01-2019,12:06:59,27359.2,27370.8,27357.25,27360.9,4,BANKNIFTY
02-01-2019,12:07:59,27362.9,27373.1,27357.9,27368.75,4,BANKNIFTY
02-01-2019,12:08:59,27369.65,27380.15,27368.95,27377.1,4,BANKNIFTY
02-01-2019,12:09:59,27379.5,27382.35,27372.1,27379.45,4,BANKNIFTY
02-01-2019,12:10:59,27379.9,27382,27367.55,27369.95,4,BANKNIFTY
02-01-2019,12:11:59,27371.7,27378.6,27370.05,27370.4,4,BANKNIFTY
02-01-2019,12:12:59,27372.85,27378.2,27368.45,27373.65,4,BANKNIFTY
02-01-2019,12:13:59,27375.2,27380.35,27371.5,27373.25,4,BANKNIFTY
02-01-2019,12:14:59,27377.25,27389.75,27376.5,27384.1,4,BANKNIFTY
02-01-2019,12:15:59,27386.85,27386.85,27378.55,27379.45,4,BANKNIFTY
02-01-2019,12:16:59,27379.55,27383.25,27371.1,27372.1,4,BANKNIFTY
02-01-2019,12:17:59,27371.9,27378.95,27369.95,27377.65,4,BANKNIFTY
02-01-2019,12:18:59,27376.5,27383.65,27374.7,27381.05,4,BANKNIFTY
02-01-2019,15:25:59,27152.2,27156.5,27148.15,27152.3,4,BANKNIFTY
02-01-2019,09:50:59,27309.9,27317.75,27307.4,27316.25,4,BANKNIFTY
02-01-2019,09:51:59,27313.65,27318.7,27310.45,27315.35,4,BANKNIFTY
02-01-2019,09:52:59,27315.55,27335.5,27315.55,27333.15,4,BANKNIFTY
02-01-2019,09:53:59,27333.1,27344.25,27330.25,27335.8,4,BANKNIFTY
02-01-2019,09:54:59,27332.4,27347.4,27332.4,27338.3,4,BANKNIFTY
02-01-2019,09:55:59,27333.35,27339.15,27326.8,27331.1,4,BANKNIFTY
02-01-2019,09:56:59,27329.85,27329.85,27311.55,27315.05,4,BANKNIFTY
02-01-2019,09:57:59,27316.5,27328.65,27305.25,27308.65,4,BANKNIFTY
02-01-2019,09:58:59,27308.3,27321.65,27307.8,27318.3,4,BANKNIFTY
02-01-2019,09:59:59,27319.85,27332.55,27316.2,27332.55,4,BANKNIFTY
02-01-2019,10:00:59,27333.5,27337.25,27330.85,27331.05,4,BANKNIFTY
02-01-2019,10:01:59,27328.65,27328.65,27314.45,27317.75,4,BANKNIFTY
02-01-2019,10:02:59,27317.85,27321.4,27304.3,27320,4,BANKNIFTY
02-01-2019,10:03:59,27321.45,27338.8,27317.25,27337.2,4,BANKNIFTY
02-01-2019,10:04:59,27338.2,27342.2,27326.35,27336.05,4,BANKNIFTY
02-01-2019,10:05:59,27336,27338.9,27324.95,27334.1,4,BANKNIFTY
02-01-2019,10:06:59,27335.55,27335.55,27322.9,27332.85,4,BANKNIFTY
02-01-2019,10:07:59,27332.45,27335.7,27324,27334.5,4,BANKNIFTY
02-01-2019,10:08:59,27332.4,27332.4,27314.35,27316.05,4,BANKNIFTY
02-01-2019,10:09:59,27318.95,27319.95,27308.2,27315.95,4,BANKNIFTY
02-01-2019,10:10:59,27316.2,27327.85,27309.35,27324.1,4,BANKNIFTY
02-01-2019,10:11:59,27327.25,27334,27322.85,27332.7,4,BANKNIFTY
02-01-2019,10:12:59,27332.15,27333,27322.15,27324.45,4,BANKNIFTY
02-01-2019,10:13:59,27328.6,27331.75,27322.4,27326,4,BANKNIFTY
02-01-2019,10:14:59,27326.9,27332.7,27321.8,27321.8,4,BANKNIFTY
02-01-2019,10:15:59,27322.85,27330.95,27315.4,27327.2,4,BANKNIFTY
02-01-2019,10:16:59,27329.65,27343.15,27329.6,27339.4,4,BANKNIFTY
02-01-2019,10:17:59,27339.65,27355.7,27336.45,27355.6,4,BANKNIFTY
02-01-2019,10:18:59,27355.05,27374.2,27354.9,27372.55,4,BANKNIFTY
02-01-2019,10:19:59,27374.65,27386.95,27364.2,27368.95,4,BANKNIFTY
02-01-2019,10:20:59,27367.55,27377.9,27367.55,27373.2,4,BANKNIFTY
02-01-2019,10:21:59,27373.95,27397.05,27372.15,27395.5,4,BANKNIFTY
02-01-2019,10:22:59,27393.6,27397.55,27381.85,27381.85,4,BANKNIFTY
02-01-2019,10:23:59,27385.25,27386.45,27378.3,27383.25,4,BANKNIFTY
02-01-2019,10:24:59,27379.6,27381.7,27359.7,27361.35,4,BANKNIFTY
02-01-2019,10:25:59,27358,27361.3,27343.75,27351.9,4,BANKNIFTY
02-01-2019,10:26:59,27352.65,27359.5,27343.75,27355.6,4,BANKNIFTY
02-01-2019,10:27:59,27355.95,27363.85,27353.35,27360.95,4,BANKNIFTY
02-01-2019,10:28:59,27361.15,27374.4,27357.7,27368.65,4,BANKNIFTY
02-01-2019,10:29:59,27367.6,27369.6,27357.3,27359.4,4,BANKNIFTY
02-01-2019,10:30:59,27358.85,27363.9,27354.85,27358.85,4,BANKNIFTY
02-01-2019,10:31:59,27360.35,27361.8,27353.4,27357.8,4,BANKNIFTY
02-01-2019,10:32:59,27357.4,27358.15,27338.1,27339.2,4,BANKNIFTY
02-01-2019,10:33:59,27337.45,27341.45,27330.95,27335.4,4,BANKNIFTY
02-01-2019,10:34:59,27335.4,27344.35,27331.1,27340.85,4,BANKNIFTY
02-01-2019,10:35:59,27342.65,27358.05,27342.65,27354.7,4,BANKNIFTY
02-01-2019,10:36:59,27354.15,27367.55,27354.15,27364.2,4,BANKNIFTY
02-01-2019,10:37:59,27362.25,27366.6,27357.05,27360.8,4,BANKNIFTY
02-01-2019,10:38:59,27360.15,27361.3,27333.85,27333.95,4,BANKNIFTY
02-01-2019,10:39:59,27335,27342.5,27330.65,27336.3,4,BANKNIFTY
02-01-2019,10:40:59,27336,27343.2,27331.9,27335.05,4,BANKNIFTY
02-01-2019,10:41:59,27335.2,27353.3,27327.35,27353.3,4,BANKNIFTY
02-01-2019,10:42:59,27350.9,27356.3,27347.95,27352.05,4,BANKNIFTY
02-01-2019,10:43:59,27353.3,27358.25,27349.1,27352.35,4,BANKNIFTY
02-01-2019,10:44:59,27351.85,27357.85,27348.05,27352.5,4,BANKNIFTY
02-01-2019,10:45:59,27351.5,27363.5,27350.7,27359.15,4,BANKNIFTY
02-01-2019,10:46:59,27358.95,27358.95,27342.95,27348.85,4,BANKNIFTY
02-01-2019,10:47:59,27348.95,27360,27345.9,27355.85,4,BANKNIFTY
02-01-2019,10:48:59,27356.25,27374.35,27356.25,27372.1,4,BANKNIFTY
02-01-2019,10:49:59,27370.65,27381.8,27363.1,27380.45,4,BANKNIFTY
02-01-2019,10:50:59,27379.25,27382.3,27369.4,27380.05,4,BANKNIFTY
02-01-2019,10:51:59,27380.75,27388.25,27375.7,27376.95,4,BANKNIFTY
02-01-2019,10:52:59,27376.65,27383.15,27375.95,27378.6,4,BANKNIFTY
02-01-2019,10:53:59,27376.4,27384.6,27375.4,27375.8,4,BANKNIFTY
02-01-2019,10:54:59,27375.8,27381.55,27371.7,27373.55,4,BANKNIFTY
02-01-2019,10:55:59,27374.35,27374.35,27366.9,27367.85,4,BANKNIFTY
02-01-2019,10:56:59,27366.2,27372.35,27363.95,27366.5,4,BANKNIFTY
02-01-2019,10:57:59,27367.15,27367.55,27358.2,27360.95,4,BANKNIFTY
02-01-2019,10:58:59,27364.2,27372,27362.2,27369.8,4,BANKNIFTY
02-01-2019,10:59:59,27366.4,27369.6,27363.25,27368.65,4,BANKNIFTY
02-01-2019,11:00:59,27366,27385.2,27363.65,27375.65,4,BANKNIFTY
02-01-2019,11:01:59,27376.5,27379.05,27368.6,27371.75,4,BANKNIFTY
02-01-2019,11:02:59,27371.65,27371.85,27361.8,27363.5,4,BANKNIFTY
02-01-2019,11:03:59,27362.5,27368.3,27360.4,27368.3,4,BANKNIFTY
02-01-2019,13:34:59,27164.95,27171.95,27150.4,27150.4,4,BANKNIFTY
02-01-2019,13:35:59,27152.35,27153.6,27111.65,27115.85,4,BANKNIFTY
02-01-2019,13:36:59,27117.9,27131.3,27116,27128.2,4,BANKNIFTY
02-01-2019,13:37:59,27129.2,27146.15,27124.15,27136.8,4,BANKNIFTY
02-01-2019,13:38:59,27142,27153.2,27137.35,27150.15,4,BANKNIFTY
02-01-2019,13:39:59,27152.25,27156.15,27138.6,27146.05,4,BANKNIFTY
02-01-2019,13:40:59,27144.9,27153.85,27130.6,27151.8,4,BANKNIFTY
02-01-2019,13:41:59,27152.7,27156.1,27140.35,27143.6,4,BANKNIFTY
02-01-2019,13:42:59,27142.4,27148.05,27138.05,27147.95,4,BANKNIFTY
02-01-2019,13:43:59,27143.9,27148.7,27130.55,27135.05,4,BANKNIFTY
02-01-2019,13:44:59,27134.95,27136.35,27118.3,27129.65,4,BANKNIFTY
02-01-2019,13:45:59,27129.05,27129.05,27098.15,27098.4,4,BANKNIFTY
02-01-2019,13:46:59,27100.85,27111.35,27092.8,27107.65,4,BANKNIFTY
02-01-2019,13:47:59,27106.95,27113.75,27090.55,27100.3,4,BANKNIFTY
02-01-2019,13:48:59,27099.55,27114.25,27096.7,27107.35,4,BANKNIFTY
02-01-2019,13:49:59,27107.4,27119.45,27103.9,27107.05,4,BANKNIFTY
02-01-2019,13:50:59,27107.15,27111.1,27077.6,27093.6,4,BANKNIFTY
02-01-2019,13:51:59,27093.55,27106.05,27090.95,27096.4,4,BANKNIFTY
02-01-2019,13:52:59,27096.15,27100.75,27085.3,27097.95,4,BANKNIFTY
02-01-2019,13:53:59,27097.2,27123.7,27097.2,27119.8,4,BANKNIFTY
02-01-2019,13:54:59,27118.15,27121.1,27099.75,27106.3,4,BANKNIFTY
02-01-2019,13:55:59,27106.6,27125.7,27104.45,27123.9,4,BANKNIFTY
02-01-2019,13:56:59,27123.2,27161.75,27121.45,27158.25,4,BANKNIFTY
02-01-2019,13:57:59,27158.65,27162.9,27138.15,27140.35,4,BANKNIFTY
02-01-2019,13:58:59,27141.95,27147,27133.8,27143.4,4,BANKNIFTY
02-01-2019,13:59:59,27141.95,27146.85,27133.75,27141.1,4,BANKNIFTY
02-01-2019,14:00:59,27142.65,27144,27116.75,27118.45,4,BANKNIFTY
02-01-2019,14:01:59,27118.35,27125.7,27114.45,27119,4,BANKNIFTY
02-01-2019,14:02:59,27118.95,27122.9,27082.95,27086.4,4,BANKNIFTY
02-01-2019,14:03:59,27092.7,27102.55,27090.85,27099.15,4,BANKNIFTY
02-01-2019,14:04:59,27100.6,27107.5,27086.35,27092.05,4,BANKNIFTY
02-01-2019,14:05:59,27089.1,27099.55,27081.75,27092.9,4,BANKNIFTY
02-01-2019,14:06:59,27092.3,27118.2,27092.3,27118.2,4,BANKNIFTY
02-01-2019,14:07:59,27114.35,27119.9,27110.9,27118.1,4,BANKNIFTY
02-01-2019,14:08:59,27117.3,27132.4,27113.25,27115.25,4,BANKNIFTY
02-01-2019,14:09:59,27116.65,27124.95,27098.9,27118.4,4,BANKNIFTY
02-01-2019,14:10:59,27118.55,27129.95,27114.8,27118.9,4,BANKNIFTY
02-01-2019,14:11:59,27115,27125.25,27109.95,27118.6,4,BANKNIFTY
02-01-2019,14:12:59,27118.35,27122.1,27109.55,27120.7,4,BANKNIFTY
02-01-2019,14:13:59,27119.3,27127.4,27111,27124.75,4,BANKNIFTY
02-01-2019,14:14:59,27125.95,27135.9,27122.95,27133.2,4,BANKNIFTY
02-01-2019,14:15:59,27132.65,27145.55,27131.6,27140.4,4,BANKNIFTY
02-01-2019,14:16:59,27140.75,27142.9,27129.3,27131,4,BANKNIFTY
02-01-2019,14:17:59,27133.1,27133.2,27112.25,27115.35,4,BANKNIFTY
02-01-2019,14:18:59,27112.95,27116.45,27101.05,27104.85,4,BANKNIFTY
02-01-2019,14:19:59,27104.65,27118.6,27101.55,27118.6,4,BANKNIFTY
02-01-2019,14:20:59,27118.6,27130.35,27118.6,27119.5,4,BANKNIFTY
02-01-2019,14:21:59,27121.7,27124.7,27112.85,27114.4,4,BANKNIFTY
02-01-2019,14:22:59,27115.25,27133.55,27110.15,27130.7,4,BANKNIFTY
02-01-2019,14:23:59,27129.3,27133.7,27123.55,27123.55,4,BANKNIFTY
02-01-2019,14:24:59,27125.25,27125.25,27109.1,27122.5,4,BANKNIFTY
02-01-2019,14:25:59,27118.35,27124.55,27102.85,27102.85,4,BANKNIFTY
02-01-2019,14:26:59,27101.1,27107.15,27087.7,27087.7,4,BANKNIFTY
02-01-2019,14:27:59,27087.3,27110.05,27087.3,27108.45,4,BANKNIFTY
02-01-2019,14:28:59,27109.85,27118.65,27106,27111.25,4,BANKNIFTY
02-01-2019,14:29:59,27109.6,27131.4,27109.6,27129.85,4,BANKNIFTY
02-01-2019,14:30:59,27130.9,27143.1,27130.1,27130.95,4,BANKNIFTY
02-01-2019,14:31:59,27130.65,27138.15,27129.15,27137.4,4,BANKNIFTY
02-01-2019,14:32:59,27132.25,27139.85,27120.15,27121.1,4,BANKNIFTY
02-01-2019,14:33:59,27119.75,27126.3,27113.55,27118.8,4,BANKNIFTY
02-01-2019,14:34:59,27119.95,27162.25,27119.95,27162.25,4,BANKNIFTY
02-01-2019,14:35:59,27163.05,27178.3,27161,27178.3,4,BANKNIFTY
02-01-2019,14:36:59,27175.65,27191.9,27175.65,27176.35,4,BANKNIFTY
02-01-2019,14:37:59,27175.4,27206.5,27175.4,27204,4,BANKNIFTY
02-01-2019,14:38:59,27207.2,27208.7,27194.75,27195.9,4,BANKNIFTY
02-01-2019,14:39:59,27195.85,27213.15,27193.6,27211.3,4,BANKNIFTY
02-01-2019,14:40:59,27211.9,27221.25,27202.55,27202.55,4,BANKNIFTY
02-01-2019,14:41:59,27203.85,27226.4,27203.85,27223.45,4,BANKNIFTY
02-01-2019,14:42:59,27223.55,27225.45,27211.1,27215.1,4,BANKNIFTY
02-01-2019,14:43:59,27213.8,27219.55,27198.65,27207.15,4,BANKNIFTY
02-01-2019,14:44:59,27206.95,27216.65,27202.95,27202.95,4,BANKNIFTY
02-01-2019,14:45:59,27198.75,27211.25,27198.75,27207.3,4,BANKNIFTY
02-01-2019,14:46:59,27207.9,27211.65,27159.9,27159.9,4,BANKNIFTY
02-01-2019,14:47:59,27160.4,27161.8,27133.05,27133.1,4,BANKNIFTY
02-01-2019,14:48:59,27135.6,27151.1,27135.6,27137.8,4,BANKNIFTY
02-01-2019,14:49:59,27136.35,27155.4,27135.7,27155.4,4,BANKNIFTY
02-01-2019,14:50:59,27158.75,27176.4,27156.2,27156.2,4,BANKNIFTY
02-01-2019,14:51:59,27154.75,27170,27154.75,27169.15,4,BANKNIFTY
02-01-2019,14:52:59,27173.4,27186.95,27166.3,27183.65,4,BANKNIFTY
02-01-2019,14:53:59,27183.8,27194.15,27183.8,27193.15,4,BANKNIFTY
02-01-2019,14:54:59,27191.5,27204.4,27191.5,27196.65,4,BANKNIFTY
02-01-2019,14:55:59,27205,27212.75,27202.6,27204.15,4,BANKNIFTY
02-01-2019,14:56:59,27203.55,27215.05,27203.55,27210.1,4,BANKNIFTY
02-01-2019,14:57:59,27216.75,27223.5,27212.85,27213.4,4,BANKNIFTY
02-01-2019,14:58:59,27217.9,27223.35,27197.05,27198.05,4,BANKNIFTY
02-01-2019,14:59:59,27206.05,27210.35,27193.6,27197.75,4,BANKNIFTY
02-01-2019,15:00:59,27193.3,27205.3,27175.5,27193.85,4,BANKNIFTY
02-01-2019,15:01:59,27198.5,27209.4,27196.55,27206.9,4,BANKNIFTY
02-01-2019,15:02:59,27210.55,27210.55,27197.9,27198.15,4,BANKNIFTY
02-01-2019,15:03:59,27202.95,27212.15,27195.05,27197.1,4,BANKNIFTY
02-01-2019,15:04:59,27203.8,27207.2,27194.35,27202.2,4,BANKNIFTY
02-01-2019,15:05:59,27211.65,27211.65,27185.6,27185.6,4,BANKNIFTY
02-01-2019,15:06:59,27197.55,27200.4,27184.8,27186.75,4,BANKNIFTY
02-01-2019,15:07:59,27187.65,27195.3,27178.7,27178.7,4,BANKNIFTY
02-01-2019,15:08:59,27178.8,27182.15,27159.75,27161.85,4,BANKNIFTY
02-01-2019,15:09:59,27161.5,27169.55,27158.7,27163.9,4,BANKNIFTY
02-01-2019,15:10:59,27168.45,27175.2,27158.6,27161.7,4,BANKNIFTY
02-01-2019,15:11:59,27159.85,27161.9,27145.2,27160.35,4,BANKNIFTY
02-01-2019,15:12:59,27160.75,27172,27156.25,27164.95,4,BANKNIFTY
02-01-2019,15:13:59,27161.7,27176.4,27155.15,27174.7,4,BANKNIFTY
02-01-2019,15:14:59,27173.65,27173.65,27156.25,27156.9,4,BANKNIFTY
02-01-2019,15:15:59,27157.15,27165.2,27139.75,27141.75,4,BANKNIFTY
02-01-2019,15:16:59,27143.85,27148.6,27129.6,27140.2,4,BANKNIFTY
02-01-2019,15:17:59,27137.35,27158.3,27137.35,27155.75,4,BANKNIFTY
02-01-2019,15:18:59,27154.75,27161.7,27146.5,27152.5,4,BANKNIFTY
02-01-2019,15:19:59,27150.35,27164.95,27146.9,27160,4,BANKNIFTY
02-01-2019,15:20:59,27157.35,27163.25,27146,27154.75,4,BANKNIFTY
02-01-2019,15:21:59,27151.2,27157,27143.15,27153.35,4,BANKNIFTY
02-01-2019,15:22:59,27155.6,27156.8,27148.55,27156.8,4,BANKNIFTY
02-01-2019,15:23:59,27156,27156.6,27140.55,27140.55,4,BANKNIFTY
02-01-2019,15:24:59,27139.05,27153.7,27138.15,27153.7,4,BANKNIFTY
02-01-2019,09:49:59,27295.6,27314.8,27293.55,27309.75,4,BANKNIFTY
02-01-2019,15:26:59,27156.45,27158.4,27143.75,27148.35,4,BANKNIFTY
02-01-2019,15:27:59,27148.1,27158.1,27146.95,27154.25,4,BANKNIFTY
02-01-2019,15:28:59,27153.5,27162.75,27153.5,27158.8,4,BANKNIFTY
02-01-2019,15:29:59,27160.4,27163.2,27150.6,27155.85,4,BANKNIFTY
02-01-2019,15:30:59,27158.8,27158.8,27158.8,27158.8,4,BANKNIFTY
02-01-2019,15:31:59,27158.8,27174.7,27157.5,27174.7,4,BANKNIFTY
02-01-2019,15:32:59,27174.7,27174.7,27174.7,27174.7,4,BANKNIFTY
02-01-2019,15:33:59,27174.7,27174.7,27174.7,27174.7,4,BANKNIFTY
02-01-2019,15:34:59,27174.7,27174.7,27174.7,27174.7,4,BANKNIFTY
02-01-2019,15:35:59,27174.7,27174.7,27174.7,27174.7,4,BANKNIFTY
02-01-2019,15:36:59,27174.7,27174.7,27174.7,27174.7,4,BANKNIFTY
02-01-2019,15:37:59,27174.7,27174.7,27174.7,27174.7,4,BANKNIFTY
02-01-2019,15:38:59,27174.7,27174.7,27174.7,27174.7,4,BANKNIFTY
02-01-2019,15:39:59,27174.7,27174.7,27174.7,27174.7,4,BANKNIFTY
02-01-2019,15:40:59,27174.7,27174.7,27174.7,27174.7,4,BANKNIFTY
02-01-2019,15:41:59,27174.7,27174.7,27174.7,27174.7,4,BANKNIFTY
02-01-2019,15:42:59,27174.7,27174.7,27174.7,27174.7,4,BANKNIFTY
02-01-2019,15:43:59,27174.7,27174.7,27174.7,27174.7,4,BANKNIFTY
02-01-2019,15:44:59,27174.7,27174.7,27174.7,27174.7,4,BANKNIFTY
02-01-2019,15:45:59,27174.7,27174.7,27174.7,27174.7,4,BANKNIFTY
02-01-2019,15:46:59,27174.7,27174.7,27174.7,27174.7,4,BANKNIFTY
02-01-2019,15:47:59,27174.7,27174.7,27174.7,27174.7,4,BANKNIFTY
02-01-2019,15:48:59,27174.7,27174.7,27174.7,27174.7,4,BANKNIFTY
02-01-2019,15:49:59,27174.7,27174.7,27174.7,27174.7,4,BANKNIFTY
02-01-2019,15:50:59,27174.7,27174.7,27174.7,27174.7,4,BANKNIFTY
02-01-2019,15:51:59,27174.7,27174.7,27174.7,27174.7,4,BANKNIFTY
02-01-2019,15:52:59,27174.7,27174.7,27174.7,27174.7,4,BANKNIFTY
02-01-2019,15:53:59,27174.7,27174.7,27174.7,27174.7,4,BANKNIFTY
02-01-2019,15:54:59,27174.7,27174.7,27174.7,27174.7,4,BANKNIFTY
02-01-2019,15:55:59,27174.7,27174.7,27174.7,27174.7,4,BANKNIFTY
02-01-2019,15:56:59,27174.7,27174.7,27174.7,27174.7,4,BANKNIFTY
02-01-2019,15:57:59,27174.7,27174.7,27174.7,27174.7,4,BANKNIFTY
02-01-2019,15:58:59,27174.7,27174.7,27174.7,27174.7,4,BANKNIFTY
02-01-2019,15:59:59,27174.7,27174.7,27174.7,27174.7,4,BANKNIFTY
02-01-2019,16:00:59,27174.7,27174.7,27174.7,27174.7,4,BANKNIFTY
02-01-2019,12:52:59,27216.55,27235.85,27216.35,27230,4,BANKNIFTY
02-01-2019,12:53:59,27229.75,27232.75,27212,27217.3,4,BANKNIFTY
02-01-2019,12:54:59,27220.2,27221.4,27208.3,27218.9,4,BANKNIFTY
02-01-2019,12:55:59,27222.2,27226.35,27209.15,27215.95,4,BANKNIFTY
02-01-2019,12:56:59,27214,27219.35,27203.25,27214.5,4,BANKNIFTY
02-01-2019,12:57:59,27217.1,27233.15,27217.1,27231.15,4,BANKNIFTY
02-01-2019,12:58:59,27230.7,27241.4,27229.15,27229.15,4,BANKNIFTY
02-01-2019,12:59:59,27227,27235.65,27216.85,27225.65,4,BANKNIFTY
02-01-2019,13:00:59,27225.4,27227.8,27212.65,27223.35,4,BANKNIFTY
02-01-2019,13:01:59,27223.65,27234.1,27220.6,27220.6,4,BANKNIFTY
02-01-2019,13:02:59,27221.1,27222.65,27201.55,27209.8,4,BANKNIFTY
02-01-2019,13:03:59,27210.5,27222.65,27210.5,27221.45,4,BANKNIFTY
02-01-2019,13:04:59,27221.25,27221.25,27209.55,27209.55,4,BANKNIFTY
02-01-2019,13:05:59,27210.8,27227.05,27207.05,27219.05,4,BANKNIFTY
02-01-2019,13:06:59,27219.85,27234.9,27214.65,27234.45,4,BANKNIFTY
02-01-2019,13:07:59,27236.85,27241.7,27224.75,27224.85,4,BANKNIFTY
02-01-2019,13:08:59,27225.5,27237.25,27225.05,27234.7,4,BANKNIFTY
02-01-2019,13:09:59,27235.7,27237.6,27222.7,27226.9,4,BANKNIFTY
02-01-2019,13:10:59,27226.7,27228.25,27209.9,27216.25,4,BANKNIFTY
02-01-2019,13:11:59,27214.35,27222.5,27213.75,27219.95,4,BANKNIFTY
02-01-2019,13:12:59,27220.15,27228.65,27214.9,27227.05,4,BANKNIFTY
02-01-2019,13:13:59,27226.4,27233.45,27214.2,27214.2,4,BANKNIFTY
02-01-2019,13:14:59,27215.5,27226.25,27209.9,27210.4,4,BANKNIFTY
02-01-2019,13:15:59,27210.9,27214.2,27204.25,27205.8,4,BANKNIFTY
02-01-2019,13:16:59,27206.5,27219.2,27206.5,27217.8,4,BANKNIFTY
02-01-2019,13:17:59,27218.1,27224.65,27213.3,27213.3,4,BANKNIFTY
02-01-2019,13:18:59,27213.9,27216.85,27207.5,27214.35,4,BANKNIFTY
02-01-2019,13:19:59,27217.2,27219.5,27197.7,27204.35,4,BANKNIFTY
02-01-2019,13:20:59,27204.25,27217.8,27201,27213.9,4,BANKNIFTY
02-01-2019,13:21:59,27215.15,27216.15,27192.15,27192.15,4,BANKNIFTY
02-01-2019,13:22:59,27191.4,27193.3,27161.35,27162.15,4,BANKNIFTY
02-01-2019,13:23:59,27153.55,27168.15,27147.7,27154.1,4,BANKNIFTY
02-01-2019,13:24:59,27155.1,27169.15,27155.1,27166.6,4,BANKNIFTY
02-01-2019,13:25:59,27166.55,27177.1,27161.75,27174.3,4,BANKNIFTY
02-01-2019,13:26:59,27170.45,27182,27165.4,27178.5,4,BANKNIFTY
02-01-2019,13:27:59,27178.1,27196.95,27178.1,27193.65,4,BANKNIFTY
02-01-2019,13:28:59,27191.8,27193.75,27173,27182.35,4,BANKNIFTY
02-01-2019,13:29:59,27179.1,27182.5,27166.6,27180,4,BANKNIFTY
02-01-2019,13:30:59,27181.25,27184.25,27174.3,27176.95,4,BANKNIFTY
02-01-2019,13:31:59,27177.75,27186.7,27175.85,27179.8,4,BANKNIFTY
02-01-2019,13:32:59,27180.9,27183.1,27159.65,27164.35,4,BANKNIFTY
02-01-2019,13:33:59,27164.15,27167.95,27150.85,27161.05,4,BANKNIFTY
02-01-2019,12:43:59,27242.1,27253.9,27223.55,27223.55,4,BANKNIFTY
02-01-2019,09:08:59,27297,27297,27297,27297,4,BANKNIFTY
02-01-2019,09:09:59,27297,27297,27297,27297,4,BANKNIFTY
02-01-2019,09:10:59,27297,27297,27297,27297,4,BANKNIFTY
02-01-2019,09:11:59,27297,27297,27297,27297,4,BANKNIFTY
02-01-2019,09:12:59,27297,27297,27297,27297,4,BANKNIFTY
02-01-2019,09:13:59,27297,27297,27297,27297,4,BANKNIFTY
02-01-2019,09:14:59,27297,27297,27297,27297,4,BANKNIFTY
02-01-2019,09:15:59,27304.7,27305.05,27212.3,27219.4,4,BANKNIFTY
02-01-2019,09:16:59,27218.05,27244.6,27208.55,27244.6,4,BANKNIFTY
02-01-2019,09:17:59,27244.1,27262,27244.1,27259.55,4,BANKNIFTY
02-01-2019,09:18:59,27256.65,27274.95,27256.6,27274.85,4,BANKNIFTY
02-01-2019,09:19:59,27278.45,27312.8,27274.75,27304.65,4,BANKNIFTY
02-01-2019,09:20:59,27308.4,27335.8,27305.95,27332.75,4,BANKNIFTY
02-01-2019,09:21:59,27332.95,27349.4,27325.95,27336.35,4,BANKNIFTY
02-01-2019,09:22:59,27334.4,27337.6,27320.2,27330.45,4,BANKNIFTY
02-01-2019,09:23:59,27326.55,27341.45,27318.3,27340.05,4,BANKNIFTY
02-01-2019,09:24:59,27342.8,27355.9,27337.35,27339.2,4,BANKNIFTY
02-01-2019,09:25:59,27339.65,27344.2,27325.2,27344.2,4,BANKNIFTY
02-01-2019,09:26:59,27343.75,27364.45,27343.75,27345.9,4,BANKNIFTY
02-01-2019,09:27:59,27345.55,27358.15,27340.55,27347.15,4,BANKNIFTY
02-01-2019,09:28:59,27347.55,27349.1,27332.95,27335,4,BANKNIFTY
02-01-2019,09:29:59,27335.05,27338.3,27324.05,27326.7,4,BANKNIFTY
02-01-2019,09:30:59,27327.8,27331.4,27321.95,27326.35,4,BANKNIFTY
02-01-2019,09:31:59,27327,27329.55,27298.75,27302.25,4,BANKNIFTY
02-01-2019,09:32:59,27298.85,27300.45,27287,27297.8,4,BANKNIFTY
02-01-2019,09:33:59,27297.3,27298.55,27284.1,27286.85,4,BANKNIFTY
02-01-2019,09:34:59,27283.3,27297.3,27275.8,27295.2,4,BANKNIFTY
02-01-2019,09:35:59,27293.4,27295.8,27267.8,27267.85,4,BANKNIFTY
02-01-2019,09:36:59,27263,27263,27242.15,27253.8,4,BANKNIFTY
02-01-2019,09:37:59,27252.45,27273.9,27249.55,27273,4,BANKNIFTY
02-01-2019,09:38:59,27275.3,27282.9,27267.35,27267.65,4,BANKNIFTY
02-01-2019,09:39:59,27263.6,27266.65,27259.1,27263.75,4,BANKNIFTY
02-01-2019,09:40:59,27262.25,27265.7,27251.75,27251.75,4,BANKNIFTY
02-01-2019,09:41:59,27253.45,27271.35,27253.45,27271.35,4,BANKNIFTY
02-01-2019,09:42:59,27271.35,27285.2,27269.4,27285.2,4,BANKNIFTY
02-01-2019,09:43:59,27286.6,27299.1,27286.6,27295.6,4,BANKNIFTY
02-01-2019,09:44:59,27294.45,27310,27291.7,27294.95,4,BANKNIFTY
02-01-2019,09:45:59,27296.85,27297.45,27279.7,27282.7,4,BANKNIFTY
02-01-2019,09:46:59,27283.65,27286.15,27277.45,27283.3,4,BANKNIFTY
02-01-2019,09:47:59,27285,27290.9,27280.9,27283.9,4,BANKNIFTY
02-01-2019,09:48:59,27282.15,27295.95,27277.35,27295.2,4,BANKNIFTY
02-01-2019,12:19:59,27381.3,27381.45,27374.95,27376.55,4,BANKNIFTY
02-01-2019,12:20:59,27378.75,27379.3,27365.3,27366.75,4,BANKNIFTY
02-01-2019,12:21:59,27365.6,27370.55,27306.45,27310.55,4,BANKNIFTY
02-01-2019,12:22:59,27312.35,27318.65,27291.9,27293.25,4,BANKNIFTY
02-01-2019,12:23:59,27294.85,27318.6,27289.15,27317,4,BANKNIFTY
02-01-2019,12:24:59,27320.8,27320.8,27305.3,27306.55,4,BANKNIFTY
02-01-2019,12:25:59,27311.4,27328.3,27306.8,27325,4,BANKNIFTY
02-01-2019,12:26:59,27327.95,27327.95,27303.85,27309.15,4,BANKNIFTY
02-01-2019,12:27:59,27310.4,27310.4,27280.2,27283.7,4,BANKNIFTY
02-01-2019,12:28:59,27284,27295.05,27281.55,27286.75,4,BANKNIFTY
02-01-2019,12:29:59,27284.3,27287.45,27272.8,27272.85,4,BANKNIFTY
02-01-2019,12:30:59,27271.35,27272.85,27253.4,27271.25,4,BANKNIFTY
02-01-2019,12:31:59,27268.6,27289.75,27268.6,27284.35,4,BANKNIFTY
02-01-2019,12:32:59,27283.15,27286.35,27275.1,27284.5,4,BANKNIFTY
02-01-2019,12:33:59,27284.7,27300.65,27284,27296.3,4,BANKNIFTY
02-01-2019,12:34:59,27297.05,27299.75,27290,27293.3,4,BANKNIFTY
02-01-2019,12:35:59,27291.35,27294,27278.35,27287.35,4,BANKNIFTY
02-01-2019,12:36:59,27288.6,27288.6,27270.55,27273.85,4,BANKNIFTY
02-01-2019,12:37:59,27275.1,27288.75,27269.2,27286.9,4,BANKNIFTY
02-01-2019,12:38:59,27288.7,27288.7,27267.7,27274.15,4,BANKNIFTY
02-01-2019,12:39:59,27272.6,27281.6,27267.25,27278.95,4,BANKNIFTY
02-01-2019,12:40:59,27279.75,27284.85,27265.1,27273.75,4,BANKNIFTY
02-01-2019,12:41:59,27273.85,27283.15,27269.7,27272.85,4,BANKNIFTY
02-01-2019,12:42:59,27272.55,27277.4,27238,27243.55,4,BANKNIFTY
02-01-2019,09:07:59,27297,27297,27297,27297,4,BANKNIFTY
02-01-2019,12:44:59,27225.85,27229.7,27219.45,27220.5,4,BANKNIFTY
02-01-2019,12:45:59,27217.75,27222.85,27162.4,27168.9,4,BANKNIFTY
02-01-2019,12:46:59,27171.75,27177.25,27156.6,27167.1,4,BANKNIFTY
02-01-2019,12:47:59,27170.45,27195.1,27168.2,27190.35,4,BANKNIFTY
02-01-2019,12:48:59,27190.15,27214.05,27190.15,27196.5,4,BANKNIFTY
02-01-2019,12:49:59,27196.2,27203.1,27182.75,27191.7,4,BANKNIFTY
02-01-2019,12:50:59,27190.45,27206.4,27184.15,27204.9,4,BANKNIFTY
02-01-2019,12:51:59,27204.65,27217.55,27202.2,27215.2,4,BANKNIFTY
03-01-2019,13:18:59,27061.35,27065.3,27055.85,27058.9,4,BANKNIFTY
03-01-2019,13:19:59,27059.5,27070.15,27057.15,27070.15,4,BANKNIFTY
03-01-2019,13:20:59,27069.95,27086.05,27067.4,27086.05,4,BANKNIFTY
03-01-2019,13:21:59,27087.05,27092,27076,27078.2,4,BANKNIFTY
03-01-2019,13:22:59,27078.3,27082.25,27070,27079.65,4,BANKNIFTY
03-01-2019,13:23:59,27078.9,27080.55,27074.75,27079.85,4,BANKNIFTY
03-01-2019,13:24:59,27081,27084.65,27076.85,27076.85,4,BANKNIFTY
03-01-2019,13:25:59,27076.3,27077.5,27055.7,27056.85,4,BANKNIFTY
03-01-2019,13:26:59,27055.9,27070,27054.35,27061,4,BANKNIFTY
03-01-2019,13:27:59,27059.95,27060.3,27054.2,27058.2,4,BANKNIFTY
03-01-2019,13:28:59,27058.45,27060.55,27054.9,27055.1,4,BANKNIFTY
03-01-2019,13:29:59,27055.1,27065,27048.6,27048.6,4,BANKNIFTY
03-01-2019,13:30:59,27047,27050.65,27029,27031.9,4,BANKNIFTY
03-01-2019,13:31:59,27031.4,27032.1,27015.1,27025.6,4,BANKNIFTY
03-01-2019,13:32:59,27024.25,27036.2,27024.25,27036.2,4,BANKNIFTY
03-01-2019,13:33:59,27034.8,27043.25,27027.85,27039.5,4,BANKNIFTY
03-01-2019,13:34:59,27036.9,27040.65,27031.3,27031.3,4,BANKNIFTY
03-01-2019,13:35:59,27031.35,27036.8,27026.2,27035.25,4,BANKNIFTY
03-01-2019,13:36:59,27035.05,27036.4,27006.7,27007,4,BANKNIFTY
03-01-2019,13:37:59,27006.7,27009.05,26987.7,26988.15,4,BANKNIFTY
03-01-2019,13:38:59,26987.95,26991.55,26970.9,26974.4,4,BANKNIFTY
03-01-2019,13:39:59,26974.3,26998.55,26974.3,26994.9,4,BANKNIFTY
03-01-2019,13:40:59,26995.75,27002.7,26987.85,26991.85,4,BANKNIFTY
03-01-2019,13:41:59,26990.55,26991.85,26979.95,26984.5,4,BANKNIFTY
03-01-2019,13:42:59,26984.55,26984.55,26954.45,26956.2,4,BANKNIFTY
03-01-2019,13:43:59,26954.05,26963.9,26943,26963.35,4,BANKNIFTY
03-01-2019,13:44:59,26961.15,26983.95,26961.15,26976,4,BANKNIFTY
03-01-2019,13:45:59,26976.25,26976.25,26962.75,26967.45,4,BANKNIFTY
03-01-2019,13:46:59,26967.15,26968.5,26941.95,26955.1,4,BANKNIFTY
03-01-2019,13:47:59,26953,26958.45,26940.25,26958.3,4,BANKNIFTY
03-01-2019,13:48:59,26958.35,26961.05,26947.15,26954,4,BANKNIFTY
03-01-2019,13:49:59,26956.15,26958.05,26950.95,26952.25,4,BANKNIFTY
03-01-2019,13:50:59,26951.5,26961.95,26944.05,26957.05,4,BANKNIFTY
03-01-2019,13:51:59,26957.3,26976.4,26957.3,26968.3,4,BANKNIFTY
03-01-2019,13:52:59,26968.05,26972.7,26966.95,26970.8,4,BANKNIFTY
03-01-2019,13:53:59,26971.7,26972.35,26964.65,26970.95,4,BANKNIFTY
03-01-2019,13:54:59,26969.9,26984.15,26968.4,26983.45,4,BANKNIFTY
03-01-2019,13:55:59,26980.9,26985.3,26974.3,26978.3,4,BANKNIFTY
03-01-2019,13:56:59,26979.3,26981.9,26976.65,26980.2,4,BANKNIFTY
03-01-2019,13:57:59,26979.5,26992.4,26979.5,26991.8,4,BANKNIFTY
03-01-2019,13:58:59,26990.85,27018,26990.65,27017.1,4,BANKNIFTY
03-01-2019,13:59:59,27016.7,27026.8,27014.2,27014.2,4,BANKNIFTY
03-01-2019,14:00:59,27012.1,27042.2,27008.45,27039.3,4,BANKNIFTY
03-01-2019,14:01:59,27039.7,27042.75,27006.4,27008.2,4,BANKNIFTY
03-01-2019,14:02:59,27008,27019.5,27006.6,27012.75,4,BANKNIFTY
03-01-2019,14:03:59,27011.95,27015.9,27006,27009.1,4,BANKNIFTY
03-01-2019,14:04:59,27009.7,27018.9,27008,27010.7,4,BANKNIFTY
03-01-2019,14:05:59,27011.15,27012.75,27007.3,27008.25,4,BANKNIFTY
03-01-2019,14:06:59,27008.15,27011.35,26991.6,26996.45,4,BANKNIFTY
03-01-2019,14:07:59,26995.35,27003.3,26995.35,26998.4,4,BANKNIFTY
03-01-2019,14:08:59,26997.95,26997.95,26992.45,26996.15,4,BANKNIFTY
03-01-2019,14:09:59,26994.6,26997.8,26990.5,26991.4,4,BANKNIFTY
03-01-2019,14:10:59,26991.75,26993.5,26973.4,26975.65,4,BANKNIFTY
03-01-2019,14:11:59,26975.8,26981.2,26959.1,26959.1,4,BANKNIFTY
03-01-2019,14:12:59,26958.85,26963.65,26952.95,26962,4,BANKNIFTY
03-01-2019,14:13:59,26961.2,26969.7,26956.65,26965.2,4,BANKNIFTY
03-01-2019,14:14:59,26966.1,26973.7,26963.9,26973.7,4,BANKNIFTY
03-01-2019,14:15:59,26972.65,26997.55,26972.55,26988.25,4,BANKNIFTY
03-01-2019,14:16:59,26988.9,26990.1,26981.6,26984.05,4,BANKNIFTY
03-01-2019,14:17:59,26986.95,26991.8,26977.75,26981.35,4,BANKNIFTY
03-01-2019,14:18:59,26979.8,26988.65,26976.25,26979.8,4,BANKNIFTY
03-01-2019,14:19:59,26979.35,26999.7,26979.35,26996.15,4,BANKNIFTY
03-01-2019,14:20:59,26995.2,27002.45,26994.75,26996.85,4,BANKNIFTY
03-01-2019,14:21:59,26996.25,26998.45,26992,26993.15,4,BANKNIFTY
03-01-2019,14:22:59,26993.85,26996.65,26979.5,26982.05,4,BANKNIFTY
03-01-2019,14:23:59,26979.45,26993.5,26979.45,26983.05,4,BANKNIFTY
03-01-2019,14:24:59,26983.55,26984.95,26963.35,26963.35,4,BANKNIFTY
03-01-2019,14:25:59,26963,26974.95,26962.55,26962.9,4,BANKNIFTY
03-01-2019,14:26:59,26963.85,26976.55,26962.5,26976.55,4,BANKNIFTY
03-01-2019,14:27:59,26976.05,26986.4,26975.75,26981.6,4,BANKNIFTY
03-01-2019,14:28:59,26981.95,26994.15,26976.05,26990.6,4,BANKNIFTY
03-01-2019,14:29:59,26989.45,26999,26984.4,26986.85,4,BANKNIFTY
03-01-2019,14:30:59,26987.15,26996.15,26984.85,26992,4,BANKNIFTY
03-01-2019,14:31:59,26992.8,26993.75,26977.15,26979,4,BANKNIFTY
03-01-2019,14:32:59,26978.3,26986.9,26977.9,26984.8,4,BANKNIFTY
03-01-2019,09:07:59,27181.6,27181.6,27181.6,27181.6,4,BANKNIFTY
03-01-2019,09:08:59,27181.6,27181.6,27181.6,27181.6,4,BANKNIFTY
03-01-2019,09:09:59,27181.6,27181.6,27181.6,27181.6,4,BANKNIFTY
03-01-2019,09:10:59,27181.6,27181.6,27181.6,27181.6,4,BANKNIFTY
03-01-2019,09:11:59,27181.6,27181.6,27181.6,27181.6,4,BANKNIFTY
03-01-2019,09:12:59,27181.6,27181.6,27181.6,27181.6,4,BANKNIFTY
03-01-2019,09:13:59,27181.6,27181.6,27181.6,27181.6,4,BANKNIFTY
03-01-2019,09:14:59,27181.6,27181.6,27181.6,27181.6,4,BANKNIFTY
03-01-2019,09:15:59,27193.7,27206.2,27140.75,27141.75,4,BANKNIFTY
03-01-2019,09:16:59,27145.45,27146.8,27090.8,27096.45,4,BANKNIFTY
03-01-2019,09:17:59,27103.5,27117.65,27099.1,27116.45,4,BANKNIFTY
03-01-2019,09:18:59,27118.6,27128.55,27113.4,27126.65,4,BANKNIFTY
03-01-2019,09:19:59,27126.4,27128.4,27112.7,27113.25,4,BANKNIFTY
03-01-2019,09:20:59,27113.05,27115.35,27083.3,27091.2,4,BANKNIFTY
03-01-2019,09:21:59,27090.85,27101.2,27084.45,27088.05,4,BANKNIFTY
03-01-2019,09:22:59,27088.05,27090.65,27070,27071.3,4,BANKNIFTY
03-01-2019,09:23:59,27071.25,27073.05,27057.95,27073.05,4,BANKNIFTY
03-01-2019,09:24:59,27073.75,27073.75,27049.9,27061.8,4,BANKNIFTY
03-01-2019,09:25:59,27063.15,27068.9,27052.1,27068.9,4,BANKNIFTY
03-01-2019,09:26:59,27071.7,27075.7,27064.2,27071.85,4,BANKNIFTY
03-01-2019,09:27:59,27071.65,27077.35,27059.85,27075.3,4,BANKNIFTY
03-01-2019,09:28:59,27075,27081.85,27070.05,27079.1,4,BANKNIFTY
03-01-2019,09:29:59,27078.9,27085.15,27065.65,27065.65,4,BANKNIFTY
03-01-2019,09:30:59,27066.45,27093.35,27064.75,27091.7,4,BANKNIFTY
03-01-2019,09:31:59,27092.15,27111.15,27090.6,27091.65,4,BANKNIFTY
03-01-2019,09:32:59,27091.4,27109.1,27090.8,27097.5,4,BANKNIFTY
03-01-2019,10:48:59,27085.4,27094.05,27080.3,27090.45,4,BANKNIFTY
03-01-2019,10:49:59,27090.1,27092.55,27070.85,27070.85,4,BANKNIFTY
03-01-2019,10:50:59,27070.5,27074.75,27055.2,27073.9,4,BANKNIFTY
03-01-2019,10:51:59,27072.95,27079.35,27057.85,27058.65,4,BANKNIFTY
03-01-2019,10:52:59,27059.35,27067.4,27056,27056,4,BANKNIFTY
03-01-2019,10:53:59,27049.25,27060.25,27047.05,27060.25,4,BANKNIFTY
03-01-2019,10:54:59,27057.7,27071.6,27057.7,27068.05,4,BANKNIFTY
03-01-2019,10:55:59,27070.8,27073.65,27060,27066.15,4,BANKNIFTY
03-01-2019,10:56:59,27064.9,27071.9,27063.1,27067.3,4,BANKNIFTY
03-01-2019,10:57:59,27066.3,27072.7,27060.5,27070.9,4,BANKNIFTY
03-01-2019,10:58:59,27071.05,27074.45,27066.1,27069.75,4,BANKNIFTY
03-01-2019,10:59:59,27069.2,27076.4,27069.2,27075.3,4,BANKNIFTY
03-01-2019,11:00:59,27074.7,27076.15,27067.55,27070.95,4,BANKNIFTY
03-01-2019,11:01:59,27067.6,27089.7,27067.2,27085.4,4,BANKNIFTY
03-01-2019,11:02:59,27085.15,27106.95,27085.15,27104.45,4,BANKNIFTY
03-01-2019,11:03:59,27105.7,27114.45,27097.7,27111.1,4,BANKNIFTY
03-01-2019,11:04:59,27112.2,27112.2,27099.05,27104.8,4,BANKNIFTY
03-01-2019,11:05:59,27104.1,27106.3,27097.75,27105.65,4,BANKNIFTY
03-01-2019,11:06:59,27104.75,27108.5,27100.25,27105.75,4,BANKNIFTY
03-01-2019,11:07:59,27105.35,27113.95,27104,27107.85,4,BANKNIFTY
03-01-2019,11:08:59,27104.55,27105.8,27089.65,27095.2,4,BANKNIFTY
03-01-2019,11:09:59,27094.8,27114.75,27094.8,27106.65,4,BANKNIFTY
03-01-2019,11:10:59,27105.3,27108.6,27087.05,27093.5,4,BANKNIFTY
03-01-2019,11:11:59,27093.1,27104.15,27087.05,27097.65,4,BANKNIFTY
03-01-2019,11:12:59,27101.85,27109.2,27098.75,27105.45,4,BANKNIFTY
03-01-2019,11:13:59,27104.6,27105.3,27098.85,27100.1,4,BANKNIFTY
03-01-2019,11:14:59,27098.5,27102.9,27096.45,27102.75,4,BANKNIFTY
03-01-2019,11:15:59,27102.25,27103.4,27070.5,27070.5,4,BANKNIFTY
03-01-2019,11:16:59,27070.4,27078.45,27067.6,27076.25,4,BANKNIFTY
03-01-2019,11:17:59,27078.45,27085,27071.3,27083,4,BANKNIFTY
03-01-2019,11:18:59,27081.8,27087.65,27080.25,27084.95,4,BANKNIFTY
03-01-2019,11:19:59,27082.75,27084.1,27074.5,27084.05,4,BANKNIFTY
03-01-2019,11:20:59,27085.95,27088.6,27080.5,27088.5,4,BANKNIFTY
03-01-2019,11:21:59,27088.35,27099.85,27088.35,27092.4,4,BANKNIFTY
03-01-2019,11:22:59,27090.7,27096.2,27086.75,27086.75,4,BANKNIFTY
03-01-2019,11:23:59,27086.9,27089.6,27080.85,27083.45,4,BANKNIFTY
03-01-2019,11:24:59,27084.8,27087.65,27065.3,27069.15,4,BANKNIFTY
03-01-2019,11:25:59,27068.45,27085.05,27068.45,27078.55,4,BANKNIFTY
03-01-2019,11:26:59,27076.6,27081.4,27074.65,27078.85,4,BANKNIFTY
03-01-2019,11:27:59,27078.15,27081.85,27077.75,27080.45,4,BANKNIFTY
03-01-2019,11:28:59,27080.35,27082.75,27069.1,27069.9,4,BANKNIFTY
03-01-2019,11:29:59,27069.55,27072.5,27065,27072.15,4,BANKNIFTY
03-01-2019,11:30:59,27064.6,27079.05,27062.25,27077.95,4,BANKNIFTY
03-01-2019,11:31:59,27077.3,27080.3,27068.15,27073.4,4,BANKNIFTY
03-01-2019,11:32:59,27073.05,27074.65,27039.1,27044.9,4,BANKNIFTY
03-01-2019,11:33:59,27043.4,27049.65,27038.65,27044.05,4,BANKNIFTY
03-01-2019,11:34:59,27044.3,27057.35,27041.5,27054.05,4,BANKNIFTY
03-01-2019,11:35:59,27053,27053.85,27045.1,27048.65,4,BANKNIFTY
03-01-2019,11:36:59,27046.8,27046.8,27022.85,27024.3,4,BANKNIFTY
03-01-2019,11:37:59,27021.55,27034.95,27018.5,27026.4,4,BANKNIFTY
03-01-2019,11:38:59,27026.1,27036.1,27021.95,27035.3,4,BANKNIFTY
03-01-2019,11:39:59,27033.9,27036.65,27008.95,27014.3,4,BANKNIFTY
03-01-2019,11:40:59,27010.65,27018.4,26997.25,27001.05,4,BANKNIFTY
03-01-2019,11:41:59,27001.2,27017.15,26997.9,27015.05,4,BANKNIFTY
03-01-2019,11:42:59,27014.25,27018.85,27007.65,27010.9,4,BANKNIFTY
03-01-2019,11:43:59,27010.15,27012.1,26985.8,26994.6,4,BANKNIFTY
03-01-2019,11:44:59,26994.75,27010.55,26994.75,27007.65,4,BANKNIFTY
03-01-2019,11:45:59,27006.65,27006.65,26988.25,26998.6,4,BANKNIFTY
03-01-2019,11:46:59,26998.7,27001,26987.75,26996.4,4,BANKNIFTY
03-01-2019,11:47:59,26999.2,27012.25,26998.7,27008.25,4,BANKNIFTY
03-01-2019,11:48:59,27008.45,27022.3,27003.05,27018.1,4,BANKNIFTY
03-01-2019,11:49:59,27017.85,27025.15,27014.3,27020.9,4,BANKNIFTY
03-01-2019,11:50:59,27020.25,27024.6,27012.05,27024.2,4,BANKNIFTY
03-01-2019,11:51:59,27024.4,27026.5,27012.3,27023.7,4,BANKNIFTY
03-01-2019,11:52:59,27026.25,27031.3,27013.75,27019.4,4,BANKNIFTY
03-01-2019,11:53:59,27020.7,27020.7,26999.2,27000.45,4,BANKNIFTY
03-01-2019,11:54:59,26994.25,27010.25,26991.45,27009.1,4,BANKNIFTY
03-01-2019,11:55:59,27010.6,27019.1,27010.6,27013.55,4,BANKNIFTY
03-01-2019,11:56:59,27012.9,27013.3,27001.45,27009.25,4,BANKNIFTY
03-01-2019,11:57:59,27007.15,27014.5,27004.8,27014.5,4,BANKNIFTY
03-01-2019,11:58:59,27015.25,27015.25,27006.4,27010.25,4,BANKNIFTY
03-01-2019,11:59:59,27010.1,27013.5,27004.05,27012.8,4,BANKNIFTY
03-01-2019,12:00:59,27013.1,27013.1,27007.6,27010.6,4,BANKNIFTY
03-01-2019,12:01:59,27009.75,27033.55,27009.75,27033.3,4,BANKNIFTY
03-01-2019,12:02:59,27033.45,27036.35,27027.6,27032.25,4,BANKNIFTY
03-01-2019,12:03:59,27032.4,27034.65,27029.45,27030.75,4,BANKNIFTY
03-01-2019,12:04:59,27031.15,27037.25,27029.45,27031.35,4,BANKNIFTY
03-01-2019,12:05:59,27030.25,27031.1,27013.75,27016.65,4,BANKNIFTY
03-01-2019,12:06:59,27016.8,27020.45,27011.55,27011.6,4,BANKNIFTY
03-01-2019,12:07:59,27012.8,27020.35,27007.95,27017.95,4,BANKNIFTY
03-01-2019,12:08:59,27016.9,27020.4,27015.4,27018,4,BANKNIFTY
03-01-2019,12:09:59,27017.5,27023.8,27017.5,27019.95,4,BANKNIFTY
03-01-2019,12:10:59,27019.75,27023.85,27016.15,27023.85,4,BANKNIFTY
03-01-2019,12:11:59,27023.65,27027.25,27017.1,27019.7,4,BANKNIFTY
03-01-2019,12:12:59,27021.1,27030.1,27017.4,27027.35,4,BANKNIFTY
03-01-2019,12:13:59,27028.75,27033.7,27028.75,27030.95,4,BANKNIFTY
03-01-2019,12:14:59,27030.55,27031.85,27019.3,27021.6,4,BANKNIFTY
03-01-2019,12:15:59,27020.1,27020.1,27006.7,27009.05,4,BANKNIFTY
03-01-2019,12:16:59,27009.05,27017.1,27004.7,27017.1,4,BANKNIFTY
03-01-2019,12:17:59,27017.95,27022.95,27015.15,27020.9,4,BANKNIFTY
03-01-2019,12:18:59,27020.85,27030.8,27016.3,27019.3,4,BANKNIFTY
03-01-2019,12:19:59,27017.05,27020.7,27011.05,27019.55,4,BANKNIFTY
03-01-2019,12:20:59,27021,27026.95,27016.6,27025.8,4,BANKNIFTY
03-01-2019,12:21:59,27026.5,27033.1,27021.95,27021.95,4,BANKNIFTY
03-01-2019,12:22:59,27020.75,27023,27013.25,27013.25,4,BANKNIFTY
03-01-2019,12:23:59,27013.45,27014.4,26996.3,26996.3,4,BANKNIFTY
03-01-2019,12:24:59,26998.15,27008.95,26996.25,27005.75,4,BANKNIFTY
03-01-2019,12:25:59,27004.35,27006.8,26977.75,26986.9,4,BANKNIFTY
03-01-2019,12:26:59,26987.15,27007.1,26987.05,27002.85,4,BANKNIFTY
03-01-2019,12:27:59,27003.25,27008.1,26997.35,27002.8,4,BANKNIFTY
03-01-2019,12:28:59,27002.6,27009,26999.25,27000.3,4,BANKNIFTY
03-01-2019,12:29:59,27000.3,27003.65,26998.25,26999.6,4,BANKNIFTY
03-01-2019,12:30:59,26999.55,27012.9,26997,27012.9,4,BANKNIFTY
03-01-2019,12:31:59,27012.55,27020.9,27012.55,27015.05,4,BANKNIFTY
03-01-2019,12:32:59,27015.95,27026.15,27015.35,27026.15,4,BANKNIFTY
03-01-2019,12:33:59,27024.55,27033.65,27023.4,27030.65,4,BANKNIFTY
03-01-2019,12:34:59,27030.95,27036.25,27020.65,27025.4,4,BANKNIFTY
03-01-2019,12:35:59,27025.4,27051.4,27025.4,27048.65,4,BANKNIFTY
03-01-2019,12:36:59,27048.5,27055.8,27041.25,27055,4,BANKNIFTY
03-01-2019,12:37:59,27055.15,27060.2,27052.2,27052.8,4,BANKNIFTY
03-01-2019,12:38:59,27050.7,27056.45,27039.05,27039.05,4,BANKNIFTY
03-01-2019,12:39:59,27033.85,27037.7,27024.3,27026.1,4,BANKNIFTY
03-01-2019,12:40:59,27024.2,27041.95,27024.2,27034.15,4,BANKNIFTY
03-01-2019,12:41:59,27034.35,27040.2,27033.75,27039.45,4,BANKNIFTY
03-01-2019,12:42:59,27039.7,27039.7,27026.5,27029.2,4,BANKNIFTY
03-01-2019,12:43:59,27029.6,27033.75,27027.45,27029.9,4,BANKNIFTY
03-01-2019,12:44:59,27028.3,27034.95,27026.2,27032.15,4,BANKNIFTY
03-01-2019,12:45:59,27032.05,27046.8,27031.25,27045.05,4,BANKNIFTY
03-01-2019,12:46:59,27044,27049.2,27035.55,27036.1,4,BANKNIFTY
03-01-2019,12:47:59,27037.75,27038.3,27022.6,27022.6,4,BANKNIFTY
03-01-2019,12:48:59,27022.55,27025.75,27017.85,27018.6,4,BANKNIFTY
03-01-2019,12:49:59,27017.4,27021.25,27008,27010.55,4,BANKNIFTY
03-01-2019,12:50:59,27008.6,27015.8,27006,27014.55,4,BANKNIFTY
03-01-2019,12:51:59,27015.5,27023.25,27015.5,27020.9,4,BANKNIFTY
03-01-2019,12:52:59,27023.4,27031.15,27015.05,27017.95,4,BANKNIFTY
03-01-2019,12:53:59,27017.1,27021.1,27012,27013.45,4,BANKNIFTY
03-01-2019,12:54:59,27015,27016.6,27011.25,27014.9,4,BANKNIFTY
03-01-2019,12:55:59,27014.35,27018.45,27011.05,27018.25,4,BANKNIFTY
03-01-2019,12:56:59,27020.15,27020.15,27010.45,27017.95,4,BANKNIFTY
03-01-2019,12:57:59,27016.05,27017.95,27012.9,27013.7,4,BANKNIFTY
03-01-2019,12:58:59,27013.35,27024.95,27009.65,27010.1,4,BANKNIFTY
03-01-2019,12:59:59,27010.9,27017.05,27008.25,27015.35,4,BANKNIFTY
03-01-2019,13:00:59,27015.6,27037.4,27014.9,27034.25,4,BANKNIFTY
03-01-2019,13:01:59,27033.85,27048.15,27032.55,27045.2,4,BANKNIFTY
03-01-2019,13:02:59,27045,27047,27035.1,27035.5,4,BANKNIFTY
03-01-2019,13:03:59,27035.25,27042.85,27029.45,27037.4,4,BANKNIFTY
03-01-2019,13:04:59,27037.25,27043.15,27031.9,27040.05,4,BANKNIFTY
03-01-2019,13:05:59,27040.1,27047.75,27039.4,27042.9,4,BANKNIFTY
03-01-2019,13:06:59,27042.9,27046.55,27041.3,27043.4,4,BANKNIFTY
03-01-2019,13:07:59,27042.6,27049.6,27041.4,27049.45,4,BANKNIFTY
03-01-2019,13:08:59,27049.55,27066.5,27049.55,27066.5,4,BANKNIFTY
03-01-2019,13:09:59,27066.45,27076.2,27066.45,27073.35,4,BANKNIFTY
03-01-2019,13:10:59,27073.05,27087.8,27071.95,27085.15,4,BANKNIFTY
03-01-2019,13:11:59,27083.5,27086.5,27066.55,27068.3,4,BANKNIFTY
03-01-2019,13:12:59,27068.1,27069.35,27058.75,27061.15,4,BANKNIFTY
03-01-2019,13:13:59,27061.25,27064.55,27054.95,27063.35,4,BANKNIFTY
03-01-2019,13:14:59,27062.1,27066.75,27060.8,27062.3,4,BANKNIFTY
03-01-2019,13:15:59,27062.95,27066,27055.3,27055.3,4,BANKNIFTY
03-01-2019,13:16:59,27054.95,27054.95,27043.05,27043.05,4,BANKNIFTY
03-01-2019,13:17:59,27043.35,27062.25,27043.35,27062.25,4,BANKNIFTY
03-01-2019,14:33:59,26985.95,26993.75,26984.7,26989.55,4,BANKNIFTY
03-01-2019,14:34:59,26988.9,27017.8,26988.9,27014.05,4,BANKNIFTY
03-01-2019,14:35:59,27015.55,27023.05,27013.1,27014,4,BANKNIFTY
03-01-2019,14:36:59,27009.35,27013.45,26994.3,27000.05,4,BANKNIFTY
03-01-2019,14:37:59,27003.45,27013.35,27000.4,27003,4,BANKNIFTY
03-01-2019,14:38:59,27002.9,27018.75,27002.3,27009.35,4,BANKNIFTY
03-01-2019,14:39:59,27010.2,27019.55,27007.8,27011.25,4,BANKNIFTY
03-01-2019,14:40:59,27010.65,27015.7,26997.75,26998.1,4,BANKNIFTY
03-01-2019,14:41:59,26997.75,26999.95,26978.15,26979.2,4,BANKNIFTY
03-01-2019,14:42:59,26977.9,26994.7,26977.9,26994.3,4,BANKNIFTY
03-01-2019,14:43:59,26994.5,27005.1,26987.85,26992.2,4,BANKNIFTY
03-01-2019,14:44:59,26991.95,26995.45,26986.3,26987.7,4,BANKNIFTY
03-01-2019,14:45:59,26986.1,26987.05,26966.7,26970.2,4,BANKNIFTY
03-01-2019,14:46:59,26969.15,26985.05,26969.15,26981.1,4,BANKNIFTY
03-01-2019,14:47:59,26981.3,26985,26974.45,26983.65,4,BANKNIFTY
03-01-2019,14:48:59,26990.05,26993.4,26986.7,26989.35,4,BANKNIFTY
03-01-2019,14:49:59,26992.65,26996.3,26990.2,26993.8,4,BANKNIFTY
03-01-2019,14:50:59,26995.35,27005.25,26995.25,26995.8,4,BANKNIFTY
03-01-2019,14:51:59,26995.95,27006.75,26989.55,26990.9,4,BANKNIFTY
03-01-2019,14:52:59,26988.2,26998.85,26988.2,26997.5,4,BANKNIFTY
03-01-2019,14:53:59,27002.8,27004.9,26998.15,26998.9,4,BANKNIFTY
03-01-2019,14:54:59,27000.7,27006.95,26976.3,26976.3,4,BANKNIFTY
03-01-2019,14:55:59,26978,26982.85,26972.85,26974.75,4,BANKNIFTY
03-01-2019,14:56:59,26973.85,26992.15,26973.85,26980.1,4,BANKNIFTY
03-01-2019,14:57:59,26978.65,26984.8,26975.55,26980.65,4,BANKNIFTY
03-01-2019,14:58:59,26984.35,27017.95,26984.35,27015.85,4,BANKNIFTY
03-01-2019,14:59:59,27016.9,27023,26996.15,26996.15,4,BANKNIFTY
03-01-2019,15:00:59,26997.55,26998.1,26975.2,26984.35,4,BANKNIFTY
03-01-2019,15:01:59,26988.75,26991.5,26971.4,26972.55,4,BANKNIFTY
03-01-2019,15:02:59,26972.7,26989.45,26972.7,26983.95,4,BANKNIFTY
03-01-2019,15:03:59,26982.85,26989.05,26978.95,26980.95,4,BANKNIFTY
03-01-2019,15:04:59,26979.95,26993.6,26979.95,26992.3,4,BANKNIFTY
03-01-2019,15:05:59,26991.15,26994.85,26979.4,26981.85,4,BANKNIFTY
03-01-2019,15:06:59,26982,26982,26963.1,26967.2,4,BANKNIFTY
03-01-2019,15:07:59,26966.65,26968.5,26947.95,26961.95,4,BANKNIFTY
03-01-2019,15:08:59,26960.95,26966.3,26958.25,26958.25,4,BANKNIFTY
03-01-2019,15:09:59,26957.25,26967.95,26957.25,26957.9,4,BANKNIFTY
03-01-2019,15:10:59,26961.2,26966.3,26949.55,26963.45,4,BANKNIFTY
03-01-2019,15:11:59,26965.4,26977.5,26963.55,26963.55,4,BANKNIFTY
03-01-2019,15:12:59,26964.35,26975.15,26964.35,26972.45,4,BANKNIFTY
03-01-2019,15:13:59,26970.8,26975.65,26963.3,26965.7,4,BANKNIFTY
03-01-2019,15:14:59,26965.35,26973.3,26959.3,26959.3,4,BANKNIFTY
03-01-2019,15:15:59,26962.45,26969.25,26957.6,26962.6,4,BANKNIFTY
03-01-2019,15:16:59,26964.8,26966.55,26945.15,26950.65,4,BANKNIFTY
03-01-2019,15:17:59,26950.45,26953.5,26935.8,26940.7,4,BANKNIFTY
03-01-2019,15:18:59,26941.05,26963.55,26941.05,26958,4,BANKNIFTY
03-01-2019,15:19:59,26958.25,26964,26954.2,26955.85,4,BANKNIFTY
03-01-2019,15:20:59,26958.8,26958.8,26948.5,26950.45,4,BANKNIFTY
03-01-2019,15:21:59,26947.7,26954.6,26947.15,26950.85,4,BANKNIFTY
03-01-2019,15:22:59,26951.85,26954.8,26945.1,26947.65,4,BANKNIFTY
03-01-2019,15:23:59,26941.25,26949.85,26939.15,26942.4,4,BANKNIFTY
03-01-2019,15:24:59,26945.85,26950.35,26940.65,26950.35,4,BANKNIFTY
03-01-2019,15:25:59,26950.4,26954.25,26941.85,26943.6,4,BANKNIFTY
03-01-2019,15:26:59,26939.4,26951.1,26939.4,26949.65,4,BANKNIFTY
03-01-2019,15:27:59,26950,26956.95,26947.05,26951.5,4,BANKNIFTY
03-01-2019,15:28:59,26952.85,26954.75,26934.7,26938.5,4,BANKNIFTY
03-01-2019,15:29:59,26943.1,26945.75,26923.75,26930.55,4,BANKNIFTY
03-01-2019,15:30:59,26930.9,26930.9,26930.9,26930.9,4,BANKNIFTY
03-01-2019,15:31:59,26930.9,26959.85,26930.9,26959.85,4,BANKNIFTY
03-01-2019,15:32:59,26959.85,26959.85,26959.85,26959.85,4,BANKNIFTY
03-01-2019,15:33:59,26959.85,26959.85,26959.85,26959.85,4,BANKNIFTY
03-01-2019,15:34:59,26959.85,26959.85,26959.85,26959.85,4,BANKNIFTY
03-01-2019,15:35:59,26959.85,26959.85,26959.85,26959.85,4,BANKNIFTY
03-01-2019,15:36:59,26959.85,26959.85,26959.85,26959.85,4,BANKNIFTY
03-01-2019,15:37:59,26959.85,26959.85,26959.85,26959.85,4,BANKNIFTY
03-01-2019,15:38:59,26959.85,26959.85,26959.85,26959.85,4,BANKNIFTY
03-01-2019,15:39:59,26959.85,26959.85,26959.85,26959.85,4,BANKNIFTY
03-01-2019,15:40:59,26959.85,26959.85,26959.85,26959.85,4,BANKNIFTY
03-01-2019,15:41:59,26959.85,26959.85,26959.85,26959.85,4,BANKNIFTY
03-01-2019,15:42:59,26959.85,26959.85,26959.85,26959.85,4,BANKNIFTY
03-01-2019,15:43:59,26959.85,26959.85,26959.85,26959.85,4,BANKNIFTY
03-01-2019,15:44:59,26959.85,26959.85,26959.85,26959.85,4,BANKNIFTY
03-01-2019,15:45:59,26959.85,26959.85,26959.85,26959.85,4,BANKNIFTY
03-01-2019,15:46:59,26959.85,26959.85,26959.85,26959.85,4,BANKNIFTY
03-01-2019,15:47:59,26959.85,26959.85,26959.85,26959.85,4,BANKNIFTY
03-01-2019,15:48:59,26959.85,26959.85,26959.85,26959.85,4,BANKNIFTY
03-01-2019,15:49:59,26959.85,26959.85,26959.85,26959.85,4,BANKNIFTY
03-01-2019,15:50:59,26959.85,26959.85,26959.85,26959.85,4,BANKNIFTY
03-01-2019,15:51:59,26959.85,26959.85,26959.85,26959.85,4,BANKNIFTY
03-01-2019,15:52:59,26959.85,26959.85,26959.85,26959.85,4,BANKNIFTY
03-01-2019,15:53:59,26959.85,26959.85,26959.85,26959.85,4,BANKNIFTY
03-01-2019,15:54:59,26959.85,26959.85,26959.85,26959.85,4,BANKNIFTY
03-01-2019,15:55:59,26959.85,26959.85,26959.85,26959.85,4,BANKNIFTY
03-01-2019,15:56:59,26959.85,26959.85,26959.85,26959.85,4,BANKNIFTY
03-01-2019,15:57:59,26959.85,26959.85,26959.85,26959.85,4,BANKNIFTY
03-01-2019,15:58:59,26959.85,26959.85,26959.85,26959.85,4,BANKNIFTY
03-01-2019,15:59:59,26959.85,26959.85,26959.85,26959.85,4,BANKNIFTY
03-01-2019,16:00:59,26959.85,26959.85,26959.85,26959.85,4,BANKNIFTY
03-01-2019,09:33:59,27096.45,27109.7,27094,27108.25,4,BANKNIFTY
03-01-2019,09:34:59,27107.65,27111.75,27105.85,27108.8,4,BANKNIFTY
03-01-2019,09:35:59,27109.65,27117.85,27109.25,27113.95,4,BANKNIFTY
03-01-2019,09:36:59,27114.35,27124.85,27112.5,27122.1,4,BANKNIFTY
03-01-2019,09:37:59,27121,27132.45,27121,27132.2,4,BANKNIFTY
03-01-2019,09:38:59,27132.7,27141.7,27131.45,27139.6,4,BANKNIFTY
03-01-2019,09:39:59,27139.95,27141.7,27122.75,27123.3,4,BANKNIFTY
03-01-2019,09:40:59,27125.15,27126.55,27109.9,27109.95,4,BANKNIFTY
03-01-2019,09:41:59,27109.75,27117.45,27106.95,27117.45,4,BANKNIFTY
03-01-2019,09:42:59,27117.6,27132.55,27117.05,27130.9,4,BANKNIFTY
03-01-2019,09:43:59,27130.95,27171.35,27130.95,27168.6,4,BANKNIFTY
03-01-2019,09:44:59,27167.05,27167.05,27145.35,27148.3,4,BANKNIFTY
03-01-2019,09:45:59,27150.55,27162.4,27150.55,27155.85,4,BANKNIFTY
03-01-2019,09:46:59,27157.2,27157.2,27132,27132.45,4,BANKNIFTY
03-01-2019,09:47:59,27131.2,27137.9,27126.75,27137.35,4,BANKNIFTY
03-01-2019,09:48:59,27136.75,27154.25,27131.35,27149.9,4,BANKNIFTY
03-01-2019,09:49:59,27152.15,27153.2,27146.55,27147.5,4,BANKNIFTY
03-01-2019,09:50:59,27146,27146,27130.05,27130.4,4,BANKNIFTY
03-01-2019,09:51:59,27128.9,27130.5,27121.45,27124.4,4,BANKNIFTY
03-01-2019,09:52:59,27124.65,27133.65,27123.85,27123.85,4,BANKNIFTY
03-01-2019,09:53:59,27123.3,27124.85,27111.65,27116.6,4,BANKNIFTY
03-01-2019,09:54:59,27118.05,27130.5,27118.05,27125.6,4,BANKNIFTY
03-01-2019,09:55:59,27128.8,27131.2,27113.2,27114.45,4,BANKNIFTY
03-01-2019,09:56:59,27115.45,27119.05,27111.65,27118.65,4,BANKNIFTY
03-01-2019,09:57:59,27119.1,27132.75,27119,27130.7,4,BANKNIFTY
03-01-2019,09:58:59,27130.55,27138.05,27128.5,27134.7,4,BANKNIFTY
03-01-2019,09:59:59,27136.8,27136.8,27126.6,27127.8,4,BANKNIFTY
03-01-2019,10:00:59,27130.3,27153.55,27128.2,27150.25,4,BANKNIFTY
03-01-2019,10:01:59,27153.05,27160.45,27149.2,27151.4,4,BANKNIFTY
03-01-2019,10:02:59,27151.4,27157.3,27145.1,27151.3,4,BANKNIFTY
03-01-2019,10:03:59,27153.35,27165.45,27150.4,27154.45,4,BANKNIFTY
03-01-2019,10:04:59,27155.85,27156.7,27146.3,27146.45,4,BANKNIFTY
03-01-2019,10:05:59,27146.4,27149.05,27141.4,27141.4,4,BANKNIFTY
03-01-2019,10:06:59,27141.6,27144.6,27137.85,27138.7,4,BANKNIFTY
03-01-2019,10:07:59,27139.75,27150.6,27134.9,27148.55,4,BANKNIFTY
03-01-2019,10:08:59,27148.65,27154.15,27148.3,27149.6,4,BANKNIFTY
03-01-2019,10:09:59,27148.9,27154.65,27147,27148.7,4,BANKNIFTY
03-01-2019,10:10:59,27149.05,27158.3,27144.55,27144.8,4,BANKNIFTY
03-01-2019,10:11:59,27144.3,27164.4,27144.05,27162.75,4,BANKNIFTY
03-01-2019,10:12:59,27162.6,27165.35,27146.45,27149.95,4,BANKNIFTY
03-01-2019,10:13:59,27150,27156.55,27148.95,27156.3,4,BANKNIFTY
03-01-2019,10:14:59,27157.15,27162.25,27156.15,27158.95,4,BANKNIFTY
03-01-2019,10:15:59,27160.85,27162.25,27145.95,27145.95,4,BANKNIFTY
03-01-2019,10:16:59,27147.25,27151.75,27137.4,27149.95,4,BANKNIFTY
03-01-2019,10:17:59,27150.8,27170.9,27150,27166.2,4,BANKNIFTY
03-01-2019,10:18:59,27166.4,27172.85,27163.6,27166.7,4,BANKNIFTY
03-01-2019,10:19:59,27166.2,27169.35,27161.75,27162.65,4,BANKNIFTY
03-01-2019,10:20:59,27163.15,27173.85,27163.15,27171.1,4,BANKNIFTY
03-01-2019,10:21:59,27173.45,27175.9,27159,27161.45,4,BANKNIFTY
03-01-2019,10:22:59,27162.1,27164.05,27152.05,27154.55,4,BANKNIFTY
03-01-2019,10:23:59,27155.1,27165.45,27153.3,27165.45,4,BANKNIFTY
03-01-2019,10:24:59,27166,27166,27150.95,27160.1,4,BANKNIFTY
03-01-2019,10:25:59,27156.55,27161.85,27155.6,27155.6,4,BANKNIFTY
03-01-2019,10:26:59,27157.5,27157.65,27151.2,27151.9,4,BANKNIFTY
03-01-2019,10:27:59,27155.6,27162.15,27153.5,27153.9,4,BANKNIFTY
03-01-2019,10:28:59,27155.45,27160.95,27148.45,27148.95,4,BANKNIFTY
03-01-2019,10:29:59,27148.65,27154.75,27144,27151.05,4,BANKNIFTY
03-01-2019,10:30:59,27151.75,27162.05,27151.7,27157.1,4,BANKNIFTY
03-01-2019,10:31:59,27157.95,27157.95,27140.45,27140.6,4,BANKNIFTY
03-01-2019,10:32:59,27141.2,27141.2,27126.65,27131.8,4,BANKNIFTY
03-01-2019,10:33:59,27132.45,27138.9,27127.95,27127.95,4,BANKNIFTY
03-01-2019,10:34:59,27126.8,27131.8,27125.05,27126.9,4,BANKNIFTY
03-01-2019,10:35:59,27129,27129.45,27122.25,27124.55,4,BANKNIFTY
03-01-2019,10:36:59,27123.65,27124.1,27115.7,27115.75,4,BANKNIFTY
03-01-2019,10:37:59,27119.6,27130.9,27117,27128.75,4,BANKNIFTY
03-01-2019,10:38:59,27129.5,27129.5,27121.9,27126.3,4,BANKNIFTY
03-01-2019,10:39:59,27126.35,27128.9,27112.3,27114.2,4,BANKNIFTY
03-01-2019,10:40:59,27112.6,27113.75,27094.9,27094.9,4,BANKNIFTY
03-01-2019,10:41:59,27095,27106.35,27091.1,27102.1,4,BANKNIFTY
03-01-2019,10:42:59,27101,27108.95,27094.75,27096.1,4,BANKNIFTY
03-01-2019,10:43:59,27096.45,27099.9,27083.3,27096.1,4,BANKNIFTY
03-01-2019,10:44:59,27097.15,27097.15,27088.5,27093.15,4,BANKNIFTY
03-01-2019,10:45:59,27094.45,27094.45,27068.6,27068.6,4,BANKNIFTY
03-01-2019,10:46:59,27069.95,27074,27064.85,27072.35,4,BANKNIFTY
03-01-2019,10:47:59,27073.9,27091.85,27071.65,27086.1,4,BANKNIFTY
